{
"type": "FeatureCollection",
"name": "co_counties_epsg4326",
"crs": { "type": "name", "properties": { "name": "urn:ogc:def:crs:OGC:1.3:CRS84" } },
"features": [
{ "type": "Feature", "properties": { "STATEFP": "08", "COUNTYFP": "121", "COUNTYNS": "00198176", "AFFGEOID": "0500000US08121", "GEOID": "08121", "NAME": "Washington", "NAMELSAD": "Washington County", "STUSPS": "CO", "STATE_NAME": "Colorado", "LSAD": "06", "ALAND": 6521806795, "AWATER": 15207397 }, "geometry": { "type": "MultiPolygon", "coordinates": [ [ [ [ -103.706547, 39.739894 ], [ -103.705701, 40.001366 ], [ -103.471991, 40.001529 ], [ -103.470982, 40.349759 ], [ -103.464665, 40.408164 ], [ -103.465377, 40.436346 ], [ -103.226558, 40.436087 ], [ -103.0835, 40.436788 ], [ -102.77996, 40.438446 ], [ -102.78018, 40.351144 ], [ -102.793582, 40.351281 ], [ -102.793305, 40.002493 ], [ -102.803767, 40.002554 ], [ -102.802932, 39.567841 ], [ -103.154376, 39.565654 ], [ -103.161515, 39.565996 ], [ -103.491247, 39.565692 ], [ -103.499781, 39.566008 ], [ -103.707072, 39.566295 ], [ -103.706547, 39.739894 ] ] ] ] } },
{ "type": "Feature", "properties": { "STATEFP": "08", "COUNTYFP": "083", "COUNTYNS": "00198157", "AFFGEOID": "0500000US08083", "GEOID": "08083", "NAME": "Montezuma", "NAMELSAD": "Montezuma County", "STUSPS": "CO", "STATE_NAME": "Colorado", "LSAD": "06", "ALAND": 5255990019, "AWATER": 27208195 }, "geometry": { "type": "MultiPolygon", "coordinates": [ [ [ [ -109.045837973618006, 37.359723557672197 ], [ -109.04581, 37.374993 ], [ -109.043461439769004, 37.484820040900303 ], [ -108.917081, 37.631902 ], [ -108.694763, 37.631516 ], [ -108.671618, 37.631567 ], [ -108.666056, 37.633195 ], [ -108.161142, 37.635265 ], [ -108.107996, 37.638753 ], [ -107.970086, 37.639587 ], [ -107.972087, 37.629816 ], [ -107.987221, 37.625004 ], [ -108.023006, 37.590999 ], [ -108.018279, 37.567141 ], [ -108.025437, 37.539719 ], [ -108.034897, 37.532044 ], [ -108.03147, 37.509059 ], [ -108.037932, 37.503189 ], [ -108.033146, 37.46494 ], [ -108.03881, 37.456526 ], [ -108.053028, 37.437521 ], [ -108.078042, 37.438881 ], [ -108.105336, 37.405573 ], [ -108.105857, 37.382068 ], [ -108.139821, 37.373038 ], [ -108.152473, 37.362589 ], [ -108.173032, 37.366388 ], [ -108.197776, 37.354939 ], [ -108.207921, 37.333072 ], [ -108.225691, 37.286273 ], [ -108.247312, 37.24989 ], [ -108.270787, 37.229207 ], [ -108.295164, 37.215009 ], [ -108.297415, 37.17116 ], [ -108.29015, 37.146959 ], [ -108.31048, 37.128462 ], [ -108.310591, 37.104622 ], [ -108.321065, 37.0971 ], [ -108.334792, 37.05422 ], [ -108.354541, 37.038356 ], [ -108.355559, 37.025555 ], [ -108.3718, 37.029105 ], [ -108.379302869797996, 36.999458857844303 ], [ -108.536412308880998, 36.999321700812096 ], [ -108.619689, 36.999249 ], [ -108.620309, 36.999287 ], [ -108.954404, 36.998906 ], [ -108.958868, 36.998913 ], [ -109.045223, 36.999084 ], [ -109.045166, 37.072742 ], [ -109.045058, 37.074661 ], [ -109.044995, 37.086429 ], [ -109.045189, 37.096271 ], [ -109.045173, 37.109464 ], [ -109.045203, 37.111958 ], [ -109.045156, 37.112064 ], [ -109.045995, 37.177279 ], [ -109.045978, 37.201831 ], [ -109.045487, 37.210844 ], [ -109.045560197361993, 37.239901843323402 ], [ -109.045584, 37.249351 ], [ -109.046039, 37.249993 ], [ -109.045837973618006, 37.359723557672197 ] ] ] ] } },
{ "type": "Feature", "properties": { "STATEFP": "08", "COUNTYFP": "017", "COUNTYNS": "00198124", "AFFGEOID": "0500000US08017", "GEOID": "08017", "NAME": "Cheyenne", "NAMELSAD": "Cheyenne County", "STUSPS": "CO", "STATE_NAME": "Colorado", "LSAD": "06", "ALAND": 4605713958, "AWATER": 8166129 }, "geometry": { "type": "MultiPolygon", "coordinates": [ [ [ [ -103.172474, 38.690057 ], [ -103.164159, 38.690133 ], [ -103.163025, 39.03761 ], [ -102.72411, 39.040199 ], [ -102.715766, 39.038675 ], [ -102.409929, 39.044151 ], [ -102.367732, 39.045625 ], [ -102.046571, 39.047038 ], [ -102.045388, 38.813392 ], [ -102.045334, 38.799463 ], [ -102.045448, 38.783453 ], [ -102.045371, 38.770064 ], [ -102.045287, 38.755528 ], [ -102.045375, 38.754339 ], [ -102.045212, 38.697567 ], [ -102.045156, 38.688555 ], [ -102.045127, 38.686725 ], [ -102.04516, 38.675221 ], [ -102.045102, 38.674946 ], [ -102.045074, 38.669617 ], [ -102.045288, 38.615249 ], [ -102.045287815606002, 38.615168441559497 ], [ -102.058016, 38.615124 ], [ -102.068834, 38.615176 ], [ -103.062228, 38.61502 ], [ -103.172943, 38.61245 ], [ -103.172474, 38.690057 ] ] ] ] } },
{ "type": "Feature", "properties": { "STATEFP": "08", "COUNTYFP": "087", "COUNTYNS": "00198159", "AFFGEOID": "0500000US08087", "GEOID": "08087", "NAME": "Morgan", "NAMELSAD": "Morgan County", "STUSPS": "CO", "STATE_NAME": "Colorado", "LSAD": "06", "ALAND": 3316441489, "AWATER": 34663098 }, "geometry": { "type": "MultiPolygon", "coordinates": [ [ [ [ -104.150494, 40.350245 ], [ -104.147714, 40.524389 ], [ -103.581844, 40.523383 ], [ -103.4672, 40.523253 ], [ -103.465377, 40.436346 ], [ -103.464665, 40.408164 ], [ -103.470982, 40.349759 ], [ -103.471991, 40.001529 ], [ -103.705701, 40.001366 ], [ -103.791626, 40.001308 ], [ -103.8661, 40.001233 ], [ -104.150332, 40.000856 ], [ -104.150206, 40.30548 ], [ -104.150207, 40.305965 ], [ -104.150494, 40.350245 ] ] ] ] } },
{ "type": "Feature", "properties": { "STATEFP": "08", "COUNTYFP": "085", "COUNTYNS": "00198158", "AFFGEOID": "0500000US08085", "GEOID": "08085", "NAME": "Montrose", "NAMELSAD": "Montrose County", "STUSPS": "CO", "STATE_NAME": "Colorado", "LSAD": "06", "ALAND": 5804023556, "AWATER": 4923260 }, "geometry": { "type": "MultiPolygon", "coordinates": [ [ [ [ -109.059962, 38.499987 ], [ -108.583682, 38.499988 ], [ -108.379136, 38.499987 ], [ -108.378698, 38.668097 ], [ -108.09584, 38.668509 ], [ -107.999113, 38.668474 ], [ -107.998889, 38.668476 ], [ -107.84856, 38.668113 ], [ -107.500655, 38.668553 ], [ -107.500614, 38.445584 ], [ -107.50002, 38.301926 ], [ -107.63504, 38.301896 ], [ -107.635697, 38.332148 ], [ -107.783127, 38.332232 ], [ -108.13238, 38.331573 ], [ -108.123269, 38.313635 ], [ -108.104819, 38.313718 ], [ -108.104161, 38.284179 ], [ -108.08635, 38.284334 ], [ -108.086691, 38.275748 ], [ -108.086604, 38.255202 ], [ -108.011531, 38.255261 ], [ -107.984084, 38.248386 ], [ -107.984184, 38.233936 ], [ -107.937588, 38.218992 ], [ -107.938145, 38.173936 ], [ -107.946963, 38.152491 ], [ -107.965789, 38.152328 ], [ -108.027929, 38.152636 ], [ -108.906749, 38.154959 ], [ -108.910366, 38.15335 ], [ -109.041836576110995, 38.153032090353904 ], [ -109.041762, 38.16469 ], [ -109.054648, 38.244921 ], [ -109.060062, 38.275489 ], [ -109.059962, 38.499987 ] ] ] ] } },
{ "type": "Feature", "properties": { "STATEFP": "08", "COUNTYFP": "061", "COUNTYNS": "00198146", "AFFGEOID": "0500000US08061", "GEOID": "08061", "NAME": "Kiowa", "NAMELSAD": "Kiowa County", "STUSPS": "CO", "STATE_NAME": "Colorado", "LSAD": "06", "ALAND": 4578603587, "AWATER": 47032918 }, "geometry": { "type": "MultiPolygon", "coordinates": [ [ [ [ -103.504666, 38.516409 ], [ -103.172878, 38.525315 ], [ -103.172943, 38.61245 ], [ -103.062228, 38.61502 ], [ -102.068834, 38.615176 ], [ -102.058016, 38.615124 ], [ -102.045287815606002, 38.615168441559497 ], [ -102.045211, 38.581609 ], [ -102.045189, 38.558732 ], [ -102.045223, 38.543797 ], [ -102.045112, 38.523784 ], [ -102.045262, 38.505532 ], [ -102.045263, 38.505395 ], [ -102.045324, 38.453647 ], [ -102.044936, 38.41968 ], [ -102.044442, 38.415802 ], [ -102.044944, 38.384419 ], [ -102.044613, 38.312324 ], [ -102.044568, 38.268819 ], [ -102.044567368214999, 38.268749117200699 ], [ -102.211067, 38.268169 ], [ -102.47975, 38.26793 ], [ -102.74233, 38.266971 ], [ -102.822906, 38.266488 ], [ -103.399938, 38.265435 ], [ -103.501764, 38.265016 ], [ -103.506985, 38.342256 ], [ -103.504666, 38.516409 ] ] ] ] } },
{ "type": "Feature", "properties": { "STATEFP": "08", "COUNTYFP": "039", "COUNTYNS": "00198136", "AFFGEOID": "0500000US08039", "GEOID": "08039", "NAME": "Elbert", "NAMELSAD": "Elbert County", "STUSPS": "CO", "STATE_NAME": "Colorado", "LSAD": "06", "ALAND": 4791700177, "AWATER": 442147 }, "geometry": { "type": "MultiPolygon", "coordinates": [ [ [ [ -104.662567, 39.362042 ], [ -104.661898, 39.4344 ], [ -104.661518, 39.4635 ], [ -104.660754, 39.521503 ], [ -104.66016, 39.565909 ], [ -104.642125, 39.56589 ], [ -104.442895, 39.56376 ], [ -104.421404, 39.563694 ], [ -104.193813, 39.565232 ], [ -103.714355, 39.566331 ], [ -103.715254, 39.128246 ], [ -103.719664, 38.866827 ], [ -104.055528, 38.868868 ], [ -104.053439, 38.941081 ], [ -104.051568, 39.128138 ], [ -104.16704, 39.128534 ], [ -104.172249, 39.128418 ], [ -104.292375, 39.128736 ], [ -104.504886, 39.129527 ], [ -104.551765, 39.129427 ], [ -104.593699, 39.129417 ], [ -104.662483, 39.129529 ], [ -104.662892, 39.216716 ], [ -104.662567, 39.362042 ] ] ] ] } },
{ "type": "Feature", "properties": { "STATEFP": "08", "COUNTYFP": "003", "COUNTYNS": "00198117", "AFFGEOID": "0500000US08003", "GEOID": "08003", "NAME": "Alamosa", "NAMELSAD": "Alamosa County", "STUSPS": "CO", "STATE_NAME": "Colorado", "LSAD": "06", "ALAND": 1871643029, "AWATER": 1670455 }, "geometry": { "type": "MultiPolygon", "coordinates": [ [ [ [ -106.039299, 37.576986 ], [ -106.038413, 37.748353 ], [ -105.809327, 37.750451 ], [ -105.457255, 37.751464 ], [ -105.454245, 37.723951 ], [ -105.477302, 37.707686 ], [ -105.477351, 37.665747 ], [ -105.486976, 37.653483 ], [ -105.501755, 37.597571 ], [ -105.485516, 37.577899 ], [ -105.496201, 37.564289 ], [ -105.743339, 37.356798 ], [ -105.760691, 37.356757 ], [ -106.038912, 37.356953 ], [ -106.039331, 37.400852 ], [ -106.039299, 37.576986 ] ] ] ] } },
{ "type": "Feature", "properties": { "STATEFP": "08", "COUNTYFP": "001", "COUNTYNS": "00198116", "AFFGEOID": "0500000US08001", "GEOID": "08001", "NAME": "Adams", "NAMELSAD": "Adams County", "STUSPS": "CO", "STATE_NAME": "Colorado", "LSAD": "06", "ALAND": 3021840476, "AWATER": 43702199 }, "geometry": { "type": "MultiPolygon", "coordinates": [ [ [ [ -105.053289, 39.856764 ], [ -105.053263, 39.859948 ], [ -105.053191, 39.86362 ], [ -105.05323, 39.869395 ], [ -105.053091, 39.885356 ], [ -105.053005, 39.899806 ], [ -105.052892, 39.914224 ], [ -105.034347, 39.914181 ], [ -105.034395, 39.921305 ], [ -105.015469, 39.921402 ], [ -105.015491, 39.928544 ], [ -105.015657, 39.943093 ], [ -104.9971, 39.943239 ], [ -105.015653, 39.957724 ], [ -105.015845, 39.981193 ], [ -104.997423, 39.981213 ], [ -104.99725, 39.968529 ], [ -104.988159, 39.968466 ], [ -104.997065, 39.972149 ], [ -104.987762, 39.981534 ], [ -104.987716, 39.986619 ], [ -104.980959, 40.000239 ], [ -104.961405, 40.000337 ], [ -104.941144, 40.000335 ], [ -104.922153, 40.00033 ], [ -104.885967, 40.000356 ], [ -104.827414, 40.000403 ], [ -104.821965, 40.000412 ], [ -104.816048, 40.000418 ], [ -104.79705, 40.000454 ], [ -104.771199, 40.000451 ], [ -104.753728, 40.000471 ], [ -104.71621, 40.000511 ], [ -104.714754, 40.000511 ], [ -104.697142, 40.00051 ], [ -104.64064, 40.000575 ], [ -104.604064, 40.00056 ], [ -104.41463, 40.000742 ], [ -104.150332, 40.000856 ], [ -103.8661, 40.001233 ], [ -103.791626, 40.001308 ], [ -103.705701, 40.001366 ], [ -103.706547, 39.739894 ], [ -103.965516, 39.740518 ], [ -103.974341, 39.739984 ], [ -104.380113, 39.738108 ], [ -104.420816, 39.738086 ], [ -104.421071, 39.738087 ], [ -104.421417, 39.738088 ], [ -104.421481, 39.738088 ], [ -104.421544, 39.738088 ], [ -104.421883, 39.738088 ], [ -104.421961, 39.738089 ], [ -104.422009, 39.738089 ], [ -104.422051, 39.738089 ], [ -104.422297, 39.73809 ], [ -104.422382, 39.73809 ], [ -104.423767, 39.738095 ], [ -104.424193, 39.738094 ], [ -104.424208, 39.738094 ], [ -104.426693, 39.738091 ], [ -104.429064, 39.738106 ], [ -104.429232, 39.738107 ], [ -104.430784, 39.738112 ], [ -104.431212, 39.738113 ], [ -104.431685, 39.738114 ], [ -104.432241, 39.738116 ], [ -104.432301, 39.738116 ], [ -104.432411, 39.738116 ], [ -104.432713, 39.738118 ], [ -104.43298, 39.738119 ], [ -104.433369, 39.73812 ], [ -104.433533, 39.738119 ], [ -104.433546, 39.738119 ], [ -104.433599, 39.738119 ], [ -104.433761, 39.738118 ], [ -104.43378, 39.738118 ], [ -104.433809, 39.738118 ], [ -104.433846, 39.738118 ], [ -104.433883, 39.738118 ], [ -104.433952, 39.738118 ], [ -104.434263, 39.738117 ], [ -104.434802, 39.738115 ], [ -104.435047, 39.738114 ], [ -104.435071, 39.738113 ], [ -104.435088, 39.738113 ], [ -104.43511, 39.738113 ], [ -104.435132, 39.738113 ], [ -104.435328, 39.738112 ], [ -104.435417, 39.738112 ], [ -104.435676, 39.738111 ], [ -104.43571, 39.738111 ], [ -104.436001, 39.73811 ], [ -104.436826, 39.738107 ], [ -104.437179, 39.738106 ], [ -104.437713, 39.738104 ], [ -104.442784, 39.738132 ], [ -104.443164, 39.738134 ], [ -104.447641, 39.738141 ], [ -104.451406, 39.738155 ], [ -104.451801, 39.738155 ], [ -104.451921, 39.738155 ], [ -104.452224, 39.738156 ], [ -104.452329, 39.738156 ], [ -104.452767, 39.738156 ], [ -104.454539, 39.738158 ], [ -104.456306, 39.738164 ], [ -104.456787, 39.738166 ], [ -104.457852, 39.738172 ], [ -104.459131, 39.738179 ], [ -104.461157, 39.738174 ], [ -104.461409, 39.738175 ], [ -104.463212, 39.738185 ], [ -104.470809, 39.738198 ], [ -104.470927, 39.738198 ], [ -104.471047, 39.738199 ], [ -104.472336, 39.738204 ], [ -104.480061, 39.738217 ], [ -104.480075, 39.738217 ], [ -104.480127, 39.738217 ], [ -104.480322, 39.738217 ], [ -104.480712, 39.738218 ], [ -104.480735, 39.738218 ], [ -104.480781, 39.738218 ], [ -104.480855, 39.738218 ], [ -104.480939, 39.738218 ], [ -104.481025, 39.738219 ], [ -104.481043, 39.738219 ], [ -104.481074, 39.738219 ], [ -104.481329, 39.738219 ], [ -104.4849, 39.738225 ], [ -104.489198, 39.738228 ], [ -104.489501, 39.738228 ], [ -104.50036, 39.738236 ], [ -104.505495, 39.738246 ], [ -104.505514, 39.738246 ], [ -104.507036, 39.738249 ], [ -104.50714, 39.73825 ], [ -104.507154, 39.73825 ], [ -104.507179, 39.73825 ], [ -104.507215, 39.73825 ], [ -104.507301, 39.73825 ], [ -104.507349, 39.73825 ], [ -104.507378, 39.73825 ], [ -104.507422, 39.738251 ], [ -104.507484, 39.738252 ], [ -104.510525, 39.738307 ], [ -104.519879, 39.738509 ], [ -104.519938, 39.73851 ], [ -104.519976, 39.738511 ], [ -104.520112, 39.738514 ], [ -104.522742, 39.73857 ], [ -104.52286, 39.738573 ], [ -104.526958, 39.738669 ], [ -104.52709, 39.73867 ], [ -104.528061, 39.738678 ], [ -104.529159, 39.738701 ], [ -104.531235, 39.738745 ], [ -104.531454, 39.73875 ], [ -104.536357, 39.738863 ], [ -104.54427, 39.739029 ], [ -104.545765, 39.739059 ], [ -104.545892, 39.739062 ], [ -104.55403, 39.739227 ], [ -104.558884, 39.73933 ], [ -104.562679, 39.739382 ], [ -104.564268, 39.739404 ], [ -104.564512, 39.739407 ], [ -104.564659, 39.739409 ], [ -104.564888, 39.739412 ], [ -104.565077, 39.739415 ], [ -104.565102, 39.739415 ], [ -104.565132, 39.739416 ], [ -104.566326, 39.739433 ], [ -104.566565, 39.739436 ], [ -104.570392, 39.739482 ], [ -104.57056, 39.739484 ], [ -104.573938, 39.739525 ], [ -104.574106, 39.739527 ], [ -104.576811, 39.73956 ], [ -104.58232, 39.739634 ], [ -104.582488, 39.739636 ], [ -104.602222, 39.739878 ], [ -104.603078, 39.739887 ], [ -104.613603, 39.739982 ], [ -104.616197, 39.740004 ], [ -104.624643, 39.740077 ], [ -104.630422, 39.7395 ], [ -104.652803, 39.739778 ], [ -104.66027, 39.740482 ], [ -104.678305, 39.739995 ], [ -104.731108, 39.740833 ], [ -104.735878, 39.740256 ], [ -104.77247, 39.740251 ], [ -104.780629, 39.74026 ], [ -104.791219, 39.740269 ], [ -104.810022, 39.740141 ], [ -104.810127, 39.740141 ], [ -104.825219, 39.74029 ], [ -104.82546, 39.74029 ], [ -104.847013, 39.740206 ], [ -104.847091, 39.740207 ], [ -104.865803, 39.7402 ], [ -104.884646, 39.740156 ], [ -104.884652, 39.743807 ], [ -104.884664, 39.747467 ], [ -104.879901, 39.754735 ], [ -104.86594, 39.75474 ], [ -104.84694, 39.754687 ], [ -104.846932, 39.754888 ], [ -104.85552, 39.757796 ], [ -104.856394, 39.768581 ], [ -104.828323, 39.769156 ], [ -104.828163, 39.772374 ], [ -104.809884, 39.772823 ], [ -104.781577, 39.772795 ], [ -104.772157, 39.776409 ], [ -104.772166, 39.7715 ], [ -104.753442, 39.769302 ], [ -104.734749, 39.769211 ], [ -104.734532, 39.781862 ], [ -104.734399, 39.798442 ], [ -104.762606, 39.798433 ], [ -104.762462, 39.823443 ], [ -104.753082, 39.823381 ], [ -104.666062, 39.822791 ], [ -104.655445, 39.812999 ], [ -104.65539, 39.822605 ], [ -104.625566, 39.82249 ], [ -104.619743, 39.826852 ], [ -104.619152, 39.87322 ], [ -104.605261, 39.873114 ], [ -104.599581, 39.899038 ], [ -104.607274, 39.899124 ], [ -104.630945, 39.899291 ], [ -104.640361, 39.906711 ], [ -104.679664, 39.907008 ], [ -104.692054, 39.914178 ], [ -104.703311, 39.895949 ], [ -104.73039, 39.896131 ], [ -104.730953, 39.845195 ], [ -104.790859, 39.841802 ], [ -104.790895, 39.798251 ], [ -104.80969, 39.798317 ], [ -104.820038, 39.79826 ], [ -104.835673, 39.798108 ], [ -104.847181, 39.798236 ], [ -104.866041, 39.798386 ], [ -104.884405, 39.812815 ], [ -104.884474, 39.798322 ], [ -104.903561, 39.798391 ], [ -104.903439, 39.783888 ], [ -104.922274, 39.783776 ], [ -104.927034, 39.791054 ], [ -104.939882, 39.790994 ], [ -104.949712, 39.794621 ], [ -104.968861, 39.791041 ], [ -104.967523, 39.793269 ], [ -104.968716, 39.798396 ], [ -104.988848, 39.791036 ], [ -104.99779, 39.791026 ], [ -105.006416, 39.791049 ], [ -105.025149, 39.794003 ], [ -105.026773, 39.791112 ], [ -105.053246, 39.791063 ], [ -105.052886, 39.800863 ], [ -105.052839, 39.802535 ], [ -105.05327, 39.820028 ], [ -105.053281, 39.821859 ], [ -105.053262, 39.827273 ], [ -105.053266, 39.834527 ], [ -105.053236, 39.841807 ], [ -105.053339, 39.855978 ], [ -105.053289, 39.856764 ] ] ] ] } },
{ "type": "Feature", "properties": { "STATEFP": "08", "COUNTYFP": "095", "COUNTYNS": "00198163", "AFFGEOID": "0500000US08095", "GEOID": "08095", "NAME": "Phillips", "NAMELSAD": "Phillips County", "STUSPS": "CO", "STATE_NAME": "Colorado", "LSAD": "06", "ALAND": 1781724977, "AWATER": 301808 }, "geometry": { "type": "MultiPolygon", "coordinates": [ [ [ [ -102.664689, 40.705189 ], [ -102.65088, 40.70534 ], [ -102.65131, 40.749402 ], [ -102.382262, 40.749354 ], [ -102.051292, 40.749591 ], [ -102.051398432507, 40.697541816873397 ], [ -102.051725, 40.537839 ], [ -102.051519, 40.520094 ], [ -102.051465, 40.440008 ], [ -102.397229, 40.439709 ], [ -102.416259, 40.439924 ], [ -102.473797, 40.439166 ], [ -102.664804, 40.438473 ], [ -102.664689, 40.705189 ] ] ] ] } },
{ "type": "Feature", "properties": { "STATEFP": "08", "COUNTYFP": "005", "COUNTYNS": "00198118", "AFFGEOID": "0500000US08005", "GEOID": "08005", "NAME": "Arapahoe", "NAMELSAD": "Arapahoe County", "STUSPS": "CO", "STATE_NAME": "Colorado", "LSAD": "06", "ALAND": 2066509954, "AWATER": 19798771 }, "geometry": { "type": "MultiPolygon", "coordinates": [ [ [ [ -104.903787, 39.626828 ], [ -104.903285, 39.625954 ], [ -104.902796, 39.624304 ], [ -104.902904, 39.624181 ], [ -104.904032, 39.624116 ], [ -104.903787, 39.626828 ] ] ], [ [ [ -104.930242, 39.674832 ], [ -104.925725, 39.675281 ], [ -104.925746, 39.676641 ], [ -104.917559, 39.672983 ], [ -104.917544, 39.66758 ], [ -104.916378, 39.667585 ], [ -104.915939, 39.663471 ], [ -104.91297, 39.663133 ], [ -104.912985, 39.656209 ], [ -104.915836, 39.656214 ], [ -104.915898, 39.658508 ], [ -104.921016, 39.660338 ], [ -104.922221, 39.666947 ], [ -104.920702, 39.668168 ], [ -104.92266, 39.667578 ], [ -104.926429, 39.669394 ], [ -104.930242, 39.674832 ] ] ], [ [ [ -104.940684, 39.711076 ], [ -104.931648, 39.711098 ], [ -104.926991, 39.703857 ], [ -104.931654, 39.700221 ], [ -104.928183, 39.696634 ], [ -104.931735, 39.696601 ], [ -104.934027, 39.6966 ], [ -104.940625, 39.6954 ], [ -104.940612, 39.69657 ], [ -104.940684, 39.711076 ] ] ], [ [ [ -105.05404, 39.575768 ], [ -105.05395, 39.580739 ], [ -105.053703, 39.59522 ], [ -105.053625, 39.609665 ], [ -105.053641, 39.613976 ], [ -105.053457, 39.629526 ], [ -105.05341, 39.631504 ], [ -105.034822, 39.627809 ], [ -105.025425, 39.62858 ], [ -105.034707, 39.638593 ], [ -105.029979, 39.642245 ], [ -105.033562, 39.653286 ], [ -105.032162, 39.653276 ], [ -105.025269, 39.656817 ], [ -105.015696, 39.678684 ], [ -105.008664, 39.678627 ], [ -105.004395, 39.660484 ], [ -105.000355, 39.667728 ], [ -104.987572, 39.667682 ], [ -104.974586, 39.667687 ], [ -104.968785, 39.660417 ], [ -104.959443, 39.661526 ], [ -104.954983, 39.652987 ], [ -104.940683, 39.653013 ], [ -104.931703, 39.653044 ], [ -104.931873, 39.645826 ], [ -104.913227, 39.638669 ], [ -104.913407, 39.624083 ], [ -104.901864, 39.624094 ], [ -104.885264, 39.624129 ], [ -104.88512, 39.638948 ], [ -104.88014, 39.653057 ], [ -104.877, 39.65305 ], [ -104.875573, 39.64499 ], [ -104.848938, 39.656523 ], [ -104.848678, 39.659218 ], [ -104.866334, 39.660309 ], [ -104.866051, 39.670847 ], [ -104.870882, 39.674764 ], [ -104.875291, 39.674766 ], [ -104.87926, 39.663928 ], [ -104.890005, 39.667578 ], [ -104.890204, 39.66451 ], [ -104.903509, 39.667624 ], [ -104.903524, 39.67464 ], [ -104.903579, 39.676675 ], [ -104.906253, 39.678442 ], [ -104.905191, 39.683862 ], [ -104.903443, 39.684857 ], [ -104.894046, 39.682061 ], [ -104.89409, 39.692713 ], [ -104.903512, 39.689354 ], [ -104.903544, 39.698535 ], [ -104.885773, 39.696523 ], [ -104.875318, 39.698438 ], [ -104.875309, 39.696505 ], [ -104.865962, 39.696559 ], [ -104.865967, 39.703807 ], [ -104.865971, 39.711053 ], [ -104.870625, 39.710174 ], [ -104.870596, 39.718176 ], [ -104.87533, 39.725576 ], [ -104.884708, 39.732846 ], [ -104.884659, 39.737274 ], [ -104.884646, 39.740156 ], [ -104.865803, 39.7402 ], [ -104.847091, 39.740207 ], [ -104.847013, 39.740206 ], [ -104.82546, 39.74029 ], [ -104.825219, 39.74029 ], [ -104.810127, 39.740141 ], [ -104.810022, 39.740141 ], [ -104.791219, 39.740269 ], [ -104.780629, 39.74026 ], [ -104.77247, 39.740251 ], [ -104.735878, 39.740256 ], [ -104.731108, 39.740833 ], [ -104.678305, 39.739995 ], [ -104.66027, 39.740482 ], [ -104.652803, 39.739778 ], [ -104.630422, 39.7395 ], [ -104.624643, 39.740077 ], [ -104.616197, 39.740004 ], [ -104.613603, 39.739982 ], [ -104.603078, 39.739887 ], [ -104.602222, 39.739878 ], [ -104.582488, 39.739636 ], [ -104.58232, 39.739634 ], [ -104.576811, 39.73956 ], [ -104.574106, 39.739527 ], [ -104.573938, 39.739525 ], [ -104.57056, 39.739484 ], [ -104.570392, 39.739482 ], [ -104.566565, 39.739436 ], [ -104.566326, 39.739433 ], [ -104.565132, 39.739416 ], [ -104.565102, 39.739415 ], [ -104.565077, 39.739415 ], [ -104.564888, 39.739412 ], [ -104.564659, 39.739409 ], [ -104.564512, 39.739407 ], [ -104.564268, 39.739404 ], [ -104.562679, 39.739382 ], [ -104.558884, 39.73933 ], [ -104.55403, 39.739227 ], [ -104.545892, 39.739062 ], [ -104.545765, 39.739059 ], [ -104.54427, 39.739029 ], [ -104.536357, 39.738863 ], [ -104.531454, 39.73875 ], [ -104.531235, 39.738745 ], [ -104.529159, 39.738701 ], [ -104.528061, 39.738678 ], [ -104.52709, 39.73867 ], [ -104.526958, 39.738669 ], [ -104.52286, 39.738573 ], [ -104.522742, 39.73857 ], [ -104.520112, 39.738514 ], [ -104.519976, 39.738511 ], [ -104.519938, 39.73851 ], [ -104.519879, 39.738509 ], [ -104.510525, 39.738307 ], [ -104.507484, 39.738252 ], [ -104.507422, 39.738251 ], [ -104.507378, 39.73825 ], [ -104.507349, 39.73825 ], [ -104.507301, 39.73825 ], [ -104.507215, 39.73825 ], [ -104.507179, 39.73825 ], [ -104.507154, 39.73825 ], [ -104.50714, 39.73825 ], [ -104.507036, 39.738249 ], [ -104.505514, 39.738246 ], [ -104.505495, 39.738246 ], [ -104.50036, 39.738236 ], [ -104.489501, 39.738228 ], [ -104.489198, 39.738228 ], [ -104.4849, 39.738225 ], [ -104.481329, 39.738219 ], [ -104.481074, 39.738219 ], [ -104.481043, 39.738219 ], [ -104.481025, 39.738219 ], [ -104.480939, 39.738218 ], [ -104.480855, 39.738218 ], [ -104.480781, 39.738218 ], [ -104.480735, 39.738218 ], [ -104.480712, 39.738218 ], [ -104.480322, 39.738217 ], [ -104.480127, 39.738217 ], [ -104.480075, 39.738217 ], [ -104.480061, 39.738217 ], [ -104.472336, 39.738204 ], [ -104.471047, 39.738199 ], [ -104.470927, 39.738198 ], [ -104.470809, 39.738198 ], [ -104.463212, 39.738185 ], [ -104.461409, 39.738175 ], [ -104.461157, 39.738174 ], [ -104.459131, 39.738179 ], [ -104.457852, 39.738172 ], [ -104.456787, 39.738166 ], [ -104.456306, 39.738164 ], [ -104.454539, 39.738158 ], [ -104.452767, 39.738156 ], [ -104.452329, 39.738156 ], [ -104.452224, 39.738156 ], [ -104.451921, 39.738155 ], [ -104.451801, 39.738155 ], [ -104.451406, 39.738155 ], [ -104.447641, 39.738141 ], [ -104.443164, 39.738134 ], [ -104.442784, 39.738132 ], [ -104.437713, 39.738104 ], [ -104.437179, 39.738106 ], [ -104.436826, 39.738107 ], [ -104.436001, 39.73811 ], [ -104.43571, 39.738111 ], [ -104.435676, 39.738111 ], [ -104.435417, 39.738112 ], [ -104.435328, 39.738112 ], [ -104.435132, 39.738113 ], [ -104.43511, 39.738113 ], [ -104.435088, 39.738113 ], [ -104.435071, 39.738113 ], [ -104.435047, 39.738114 ], [ -104.434802, 39.738115 ], [ -104.434263, 39.738117 ], [ -104.433952, 39.738118 ], [ -104.433883, 39.738118 ], [ -104.433846, 39.738118 ], [ -104.433809, 39.738118 ], [ -104.43378, 39.738118 ], [ -104.433761, 39.738118 ], [ -104.433599, 39.738119 ], [ -104.433546, 39.738119 ], [ -104.433533, 39.738119 ], [ -104.433369, 39.73812 ], [ -104.43298, 39.738119 ], [ -104.432713, 39.738118 ], [ -104.432411, 39.738116 ], [ -104.432301, 39.738116 ], [ -104.432241, 39.738116 ], [ -104.431685, 39.738114 ], [ -104.431212, 39.738113 ], [ -104.430784, 39.738112 ], [ -104.429232, 39.738107 ], [ -104.429064, 39.738106 ], [ -104.426693, 39.738091 ], [ -104.424208, 39.738094 ], [ -104.424193, 39.738094 ], [ -104.423767, 39.738095 ], [ -104.422382, 39.73809 ], [ -104.422297, 39.73809 ], [ -104.422051, 39.738089 ], [ -104.422009, 39.738089 ], [ -104.421961, 39.738089 ], [ -104.421883, 39.738088 ], [ -104.421544, 39.738088 ], [ -104.421481, 39.738088 ], [ -104.421417, 39.738088 ], [ -104.421071, 39.738087 ], [ -104.420816, 39.738086 ], [ -104.380113, 39.738108 ], [ -103.974341, 39.739984 ], [ -103.965516, 39.740518 ], [ -103.706547, 39.739894 ], [ -103.707072, 39.566295 ], [ -103.714355, 39.566331 ], [ -104.193813, 39.565232 ], [ -104.421404, 39.563694 ], [ -104.442895, 39.56376 ], [ -104.642125, 39.56589 ], [ -104.66016, 39.565909 ], [ -104.679311, 39.5659 ], [ -104.679509, 39.5659 ], [ -104.707023, 39.565988 ], [ -104.718145, 39.565895 ], [ -104.736628, 39.565888 ], [ -104.746045, 39.565902 ], [ -104.76629, 39.565928 ], [ -104.784585, 39.565942 ], [ -104.784828, 39.565942 ], [ -104.785194, 39.565943 ], [ -104.791098, 39.565974 ], [ -104.794116, 39.56599 ], [ -104.801148, 39.565948 ], [ -104.814077, 39.565988 ], [ -104.872366, 39.565997 ], [ -104.88571, 39.565979 ], [ -104.904415, 39.565982 ], [ -104.922963, 39.566053 ], [ -104.929106, 39.566038 ], [ -104.941705, 39.566025 ], [ -104.941883, 39.566026 ], [ -104.960469, 39.566129 ], [ -104.971802, 39.566064 ], [ -104.988529, 39.566124 ], [ -105.04085, 39.566145 ], [ -105.04874, 39.566088 ], [ -105.054145, 39.567085 ], [ -105.05404, 39.575768 ] ] ] ] } },
{ "type": "Feature", "properties": { "STATEFP": "08", "COUNTYFP": "115", "COUNTYNS": "00198173", "AFFGEOID": "0500000US08115", "GEOID": "08115", "NAME": "Sedgwick", "NAMELSAD": "Sedgwick County", "STUSPS": "CO", "STATE_NAME": "Colorado", "LSAD": "06", "ALAND": 1419419015, "AWATER": 3530746 }, "geometry": { "type": "MultiPolygon", "coordinates": [ [ [ [ -102.653463, 41.002332 ], [ -102.621033, 41.002597 ], [ -102.578696, 41.002291 ], [ -102.575738, 41.002268 ], [ -102.575496, 41.0022 ], [ -102.566048, 41.0022 ], [ -102.556789, 41.002219 ], [ -102.487955, 41.002445 ], [ -102.470537, 41.002382 ], [ -102.469223, 41.002424 ], [ -102.379593, 41.002301 ], [ -102.364066, 41.002174 ], [ -102.292833, 41.002207 ], [ -102.292622, 41.00223 ], [ -102.292553, 41.002207 ], [ -102.291354, 41.002207 ], [ -102.2721, 41.002245 ], [ -102.267812, 41.002383 ], [ -102.231931, 41.002327 ], [ -102.2122, 41.002462 ], [ -102.209361, 41.002442 ], [ -102.19121, 41.002326 ], [ -102.124972, 41.002338 ], [ -102.070598, 41.002423 ], [ -102.051717530057999, 41.002377250862999 ], [ -102.051614, 41.002377 ], [ -102.051292, 40.749591 ], [ -102.382262, 40.749354 ], [ -102.65131, 40.749402 ], [ -102.652114, 40.884632 ], [ -102.653463, 41.002332 ] ] ] ] } },
{ "type": "Feature", "properties": { "STATEFP": "08", "COUNTYFP": "073", "COUNTYNS": "00198152", "AFFGEOID": "0500000US08073", "GEOID": "08073", "NAME": "Lincoln", "NAMELSAD": "Lincoln County", "STUSPS": "CO", "STATE_NAME": "Colorado", "LSAD": "06", "ALAND": 6676289550, "AWATER": 22780358 }, "geometry": { "type": "MultiPolygon", "coordinates": [ [ [ [ -104.055528, 38.868868 ], [ -103.719664, 38.866827 ], [ -103.715254, 39.128246 ], [ -103.714355, 39.566331 ], [ -103.707072, 39.566295 ], [ -103.499781, 39.566008 ], [ -103.491247, 39.565692 ], [ -103.161515, 39.565996 ], [ -103.154376, 39.565654 ], [ -103.155253, 39.127984 ], [ -103.163072, 39.127991 ], [ -103.163025, 39.03761 ], [ -103.164159, 38.690133 ], [ -103.172474, 38.690057 ], [ -103.172943, 38.61245 ], [ -103.172878, 38.525315 ], [ -103.504666, 38.516409 ], [ -103.612983, 38.517879 ], [ -103.61299, 38.522548 ], [ -104.053921, 38.522393 ], [ -104.05426, 38.522392 ], [ -104.055528, 38.868868 ] ] ] ] } },
{ "type": "Feature", "properties": { "STATEFP": "08", "COUNTYFP": "029", "COUNTYNS": "00198130", "AFFGEOID": "0500000US08029", "GEOID": "08029", "NAME": "Delta", "NAMELSAD": "Delta County", "STUSPS": "CO", "STATE_NAME": "Colorado", "LSAD": "06", "ALAND": 2958090987, "AWATER": 16786781 }, "geometry": { "type": "MultiPolygon", "coordinates": [ [ [ [ -108.378953, 38.829108 ], [ -108.230404, 38.877773 ], [ -108.176988, 38.895315 ], [ -108.16631, 38.902245 ], [ -108.141122, 38.906484 ], [ -108.137741, 38.926052 ], [ -108.120793, 38.927209 ], [ -108.08686, 38.967804 ], [ -108.094786, 38.979684 ], [ -108.069963, 38.996592 ], [ -108.053779, 39.014052 ], [ -108.036119, 39.01718 ], [ -108.032022, 39.027322 ], [ -107.987204, 39.052876 ], [ -107.982173, 39.059878 ], [ -107.951221, 39.059702 ], [ -107.875626, 39.070764 ], [ -107.858888, 39.080112 ], [ -107.84001, 39.077168 ], [ -107.792277, 39.060511 ], [ -107.776018, 39.047783 ], [ -107.76549, 39.043294 ], [ -107.737988, 39.06616 ], [ -107.721624, 39.065255 ], [ -107.713237, 39.08009 ], [ -107.689556, 39.087171 ], [ -107.680815, 39.100256 ], [ -107.659818, 39.112548 ], [ -107.637893, 39.14202 ], [ -107.593877, 39.16482 ], [ -107.567423, 39.181397 ], [ -107.543364, 39.181925 ], [ -107.543455, 39.194401 ], [ -107.509835, 39.216555 ], [ -107.500606, 39.217916 ], [ -107.500611, 38.799206 ], [ -107.500655, 38.668553 ], [ -107.84856, 38.668113 ], [ -107.998889, 38.668476 ], [ -107.999113, 38.668474 ], [ -108.09584, 38.668509 ], [ -108.378698, 38.668097 ], [ -108.378953, 38.829108 ] ] ] ] } },
{ "type": "Feature", "properties": { "STATEFP": "08", "COUNTYFP": "113", "COUNTYNS": "00198172", "AFFGEOID": "0500000US08113", "GEOID": "08113", "NAME": "San Miguel", "NAMELSAD": "San Miguel County", "STUSPS": "CO", "STATE_NAME": "Colorado", "LSAD": "06", "ALAND": 3332602596, "AWATER": 5207582 }, "geometry": { "type": "MultiPolygon", "coordinates": [ [ [ [ -109.042819, 37.997068 ], [ -109.04282, 37.999301 ], [ -109.041836576110995, 38.153032090353904 ], [ -108.910366, 38.15335 ], [ -108.906749, 38.154959 ], [ -108.027929, 38.152636 ], [ -107.965789, 38.152328 ], [ -107.951717, 38.144982 ], [ -107.951574, 38.116125 ], [ -107.891469, 38.115957 ], [ -107.893774, 38.057742 ], [ -107.888208, 38.045812 ], [ -107.900193, 38.026249 ], [ -107.889716, 38.011615 ], [ -107.8833, 38.007371 ], [ -107.849131, 38.008599 ], [ -107.84908, 37.992608 ], [ -107.795469, 37.98852 ], [ -107.778675, 37.960948 ], [ -107.748897, 37.953116 ], [ -107.735402, 37.931941 ], [ -107.733307, 37.926947 ], [ -107.738283, 37.905432 ], [ -107.76092, 37.877557 ], [ -107.782459, 37.867772 ], [ -107.779099, 37.849775 ], [ -107.796447, 37.822725 ], [ -107.828521, 37.811858 ], [ -107.822201, 37.795546 ], [ -107.840852, 37.774139 ], [ -107.860845, 37.775517 ], [ -107.873187, 37.786239 ], [ -107.886257, 37.785454 ], [ -107.892508, 37.802657 ], [ -107.921347, 37.823714 ], [ -107.937646, 37.822668 ], [ -107.950763, 37.835759 ], [ -107.971393, 37.832428 ], [ -107.989208, 37.85664 ], [ -108.030865, 37.855495 ], [ -108.058476, 37.841 ], [ -108.066479, 37.851048 ], [ -108.090526, 37.839994 ], [ -108.112523, 37.855235 ], [ -108.141527, 37.832454 ], [ -108.174906, 37.832592 ], [ -108.199082, 37.824187 ], [ -108.210164, 37.821125 ], [ -108.212354, 37.832038 ], [ -108.227005, 37.843475 ], [ -108.237837, 37.876392 ], [ -108.247934, 37.87938 ], [ -108.256498, 37.894607 ], [ -108.816731, 37.895505 ], [ -108.820522, 37.880851 ], [ -109.041654683556004, 37.8810851664933 ], [ -109.041058, 37.907236 ], [ -109.043121, 37.97426 ], [ -109.042819, 37.997068 ] ] ] ] } },
{ "type": "Feature", "properties": { "STATEFP": "08", "COUNTYFP": "011", "COUNTYNS": "00198121", "AFFGEOID": "0500000US08011", "GEOID": "08011", "NAME": "Bent", "NAMELSAD": "Bent County", "STUSPS": "CO", "STATE_NAME": "Colorado", "LSAD": "06", "ALAND": 3918255148, "AWATER": 73141518 }, "geometry": { "type": "MultiPolygon", "coordinates": [ [ [ [ -103.403682, 37.822792 ], [ -103.398619, 38.041433 ], [ -103.399938, 38.265435 ], [ -102.822906, 38.266488 ], [ -102.74233, 38.266971 ], [ -102.741678, 38.096982 ], [ -102.740464, 37.824064 ], [ -102.747708, 37.823451 ], [ -102.747615, 37.643642 ], [ -103.024042, 37.644363 ], [ -103.075938, 37.64342 ], [ -103.404339, 37.643576 ], [ -103.403682, 37.822792 ] ] ] ] } },
{ "type": "Feature", "properties": { "STATEFP": "08", "COUNTYFP": "013", "COUNTYNS": "00198122", "AFFGEOID": "0500000US08013", "GEOID": "08013", "NAME": "Boulder", "NAMELSAD": "Boulder County", "STUSPS": "CO", "STATE_NAME": "Colorado", "LSAD": "06", "ALAND": 1881325518, "AWATER": 36485231 }, "geometry": { "type": "MultiPolygon", "coordinates": [ [ [ [ -105.082566, 39.959277 ], [ -105.058473, 39.974345 ], [ -105.052828, 39.965892 ], [ -105.052889, 39.957826 ], [ -105.071937, 39.957938 ], [ -105.082566, 39.959277 ] ] ], [ [ [ -105.690321, 39.969768 ], [ -105.683164, 39.992881 ], [ -105.689818, 40.015108 ], [ -105.652793, 40.023772 ], [ -105.637412, 40.045509 ], [ -105.648578, 40.06198 ], [ -105.635429, 40.074947 ], [ -105.634652, 40.113232 ], [ -105.62609, 40.127346 ], [ -105.636551, 40.146375 ], [ -105.667729, 40.158276 ], [ -105.677688, 40.201673 ], [ -105.670559, 40.207802 ], [ -105.658932, 40.249413 ], [ -105.64402, 40.249939 ], [ -105.653321, 40.260457 ], [ -105.56174, 40.261507 ], [ -105.465394, 40.259357 ], [ -105.390996, 40.257884 ], [ -105.336248, 40.261685 ], [ -105.289445, 40.262785 ], [ -105.237319, 40.261895 ], [ -105.15906, 40.261219 ], [ -105.102451, 40.261367 ], [ -105.055089, 40.261793 ], [ -105.0551, 40.25612 ], [ -105.055076, 40.232779 ], [ -105.055184, 40.20368 ], [ -105.055251, 40.174589 ], [ -105.055333, 40.152287 ], [ -105.055334, 40.152024 ], [ -105.05543, 40.087512 ], [ -105.055466, 40.069364 ], [ -105.055471, 40.065828 ], [ -105.055462, 40.036636 ], [ -105.055448, 40.014774 ], [ -105.055518, 40.000251 ], [ -105.052823, 40.00026 ], [ -105.052797, 39.977674 ], [ -105.058553, 39.97526 ], [ -105.07189, 39.96785 ], [ -105.088693, 39.958424 ], [ -105.072002, 39.95767 ], [ -105.091072, 39.943281 ], [ -105.090853, 39.936051 ], [ -105.109235, 39.935538 ], [ -105.112296, 39.933447 ], [ -105.113027, 39.932755 ], [ -105.113419, 39.93186 ], [ -105.11325, 39.930656 ], [ -105.111873, 39.92805 ], [ -105.110894, 39.927071 ], [ -105.109406, 39.926114 ], [ -105.109409, 39.925859 ], [ -105.109414, 39.925475 ], [ -105.11184, 39.927081 ], [ -105.113762, 39.928615 ], [ -105.11394, 39.928989 ], [ -105.118562, 39.943323 ], [ -105.109333, 39.95064 ], [ -105.120837, 39.951293 ], [ -105.109528, 39.956457 ], [ -105.121258, 39.952389 ], [ -105.128002, 39.954173 ], [ -105.137579, 39.939688 ], [ -105.147041, 39.928938 ], [ -105.147143, 39.913889 ], [ -105.16615, 39.914047 ], [ -105.238933, 39.914367 ], [ -105.314702, 39.913883 ], [ -105.397849, 39.912886 ], [ -105.398041, 39.934854 ], [ -105.419024, 39.928736 ], [ -105.453215, 39.934229 ], [ -105.457351, 39.932186 ], [ -105.501154, 39.932388 ], [ -105.675798, 39.932445 ], [ -105.6932, 39.941239 ], [ -105.690321, 39.969768 ] ], [ [ -105.109178, 39.956566 ], [ -105.091025, 39.957785 ], [ -105.107374, 39.957915 ], [ -105.109178, 39.956566 ] ] ] ] } },
{ "type": "Feature", "properties": { "STATEFP": "08", "COUNTYFP": "117", "COUNTYNS": "00198174", "AFFGEOID": "0500000US08117", "GEOID": "08117", "NAME": "Summit", "NAMELSAD": "Summit County", "STUSPS": "CO", "STATE_NAME": "Colorado", "LSAD": "06", "ALAND": 1575563223, "AWATER": 28310936 }, "geometry": { "type": "MultiPolygon", "coordinates": [ [ [ [ -106.434508, 39.924914 ], [ -106.395257, 39.924589 ], [ -106.395433, 39.914016 ], [ -106.294777, 39.91892 ], [ -106.252027, 39.914712 ], [ -106.231688, 39.900806 ], [ -106.200566, 39.864042 ], [ -106.171143, 39.845293 ], [ -106.149507, 39.839561 ], [ -106.131483, 39.8442 ], [ -106.084115, 39.806655 ], [ -106.081207, 39.787399 ], [ -106.064827, 39.760733 ], [ -106.058548, 39.724701 ], [ -106.038106, 39.712058 ], [ -106.036037, 39.704687 ], [ -106.025906, 39.689138 ], [ -105.996339, 39.684122 ], [ -105.924618, 39.698972 ], [ -105.919581, 39.690287 ], [ -105.925085, 39.67942 ], [ -105.910753, 39.662294 ], [ -105.884861, 39.657084 ], [ -105.864767, 39.667218 ], [ -105.848665, 39.644156 ], [ -105.821182, 39.642692 ], [ -105.816646, 39.633546 ], [ -105.793058, 39.636328 ], [ -105.782674, 39.629024 ], [ -105.775969, 39.605139 ], [ -105.808083, 39.583395 ], [ -105.838369, 39.572952 ], [ -105.829662, 39.564865 ], [ -105.815807, 39.551976 ], [ -105.823206, 39.529953 ], [ -105.861662, 39.528605 ], [ -105.864681, 39.515065 ], [ -105.854117, 39.50452 ], [ -105.891974, 39.484173 ], [ -105.901835, 39.464248 ], [ -105.916523, 39.458091 ], [ -105.938663, 39.458498 ], [ -105.944155, 39.44091 ], [ -105.966786, 39.438035 ], [ -105.951698, 39.414619 ], [ -105.992856, 39.401859 ], [ -106.004012, 39.391058 ], [ -106.013851, 39.386898 ], [ -106.017619, 39.365503 ], [ -106.029651, 39.35986 ], [ -106.046317, 39.357434 ], [ -106.096791, 39.377896 ], [ -106.135529, 39.379546 ], [ -106.206732, 39.379636 ], [ -106.202375, 39.397139 ], [ -106.228555, 39.41465 ], [ -106.232687, 39.426248 ], [ -106.22321, 39.433105 ], [ -106.251638, 39.465039 ], [ -106.247285, 39.4913 ], [ -106.259164, 39.494215 ], [ -106.246416, 39.512752 ], [ -106.255767, 39.519897 ], [ -106.248567, 39.54391 ], [ -106.236748, 39.548594 ], [ -106.224437, 39.531219 ], [ -106.216037, 39.531679 ], [ -106.205719, 39.558211 ], [ -106.215027, 39.575186 ], [ -106.205663, 39.603866 ], [ -106.177604, 39.609056 ], [ -106.176464, 39.635722 ], [ -106.18384, 39.652153 ], [ -106.217165, 39.654592 ], [ -106.23484, 39.66203 ], [ -106.238745, 39.680274 ], [ -106.258247, 39.679804 ], [ -106.262622, 39.697851 ], [ -106.290916, 39.704066 ], [ -106.298346, 39.720569 ], [ -106.325415, 39.733233 ], [ -106.343275, 39.75873 ], [ -106.365325, 39.752918 ], [ -106.385478, 39.767164 ], [ -106.412011, 39.82867 ], [ -106.432969, 39.865402 ], [ -106.428103, 39.882164 ], [ -106.434508, 39.924914 ] ] ] ] } },
{ "type": "Feature", "properties": { "STATEFP": "08", "COUNTYFP": "047", "COUNTYNS": "00198139", "AFFGEOID": "0500000US08047", "GEOID": "08047", "NAME": "Gilpin", "NAMELSAD": "Gilpin County", "STUSPS": "CO", "STATE_NAME": "Colorado", "LSAD": "06", "ALAND": 388556744, "AWATER": 942056 }, "geometry": { "type": "MultiPolygon", "coordinates": [ [ [ [ -105.699719, 39.891499 ], [ -105.675798, 39.932445 ], [ -105.501154, 39.932388 ], [ -105.457351, 39.932186 ], [ -105.453215, 39.934229 ], [ -105.419024, 39.928736 ], [ -105.398041, 39.934854 ], [ -105.397849, 39.912886 ], [ -105.397948, 39.84094 ], [ -105.397949, 39.74604 ], [ -105.42259, 39.7552 ], [ -105.497128, 39.757864 ], [ -105.508261, 39.764149 ], [ -105.51147, 39.76601 ], [ -105.517306, 39.765021 ], [ -105.526197, 39.768783 ], [ -105.534117, 39.770268 ], [ -105.542426, 39.773766 ], [ -105.548184, 39.781777 ], [ -105.545505, 39.786882 ], [ -105.578481, 39.805448 ], [ -105.583384, 39.822124 ], [ -105.595636, 39.816111 ], [ -105.628949, 39.83274 ], [ -105.633283, 39.843702 ], [ -105.690348, 39.851996 ], [ -105.699719, 39.891499 ] ] ] ] } },
{ "type": "Feature", "properties": { "STATEFP": "08", "COUNTYFP": "019", "COUNTYNS": "00198125", "AFFGEOID": "0500000US08019", "GEOID": "08019", "NAME": "Clear Creek", "NAMELSAD": "Clear Creek County", "STUSPS": "CO", "STATE_NAME": "Colorado", "LSAD": "06", "ALAND": 1023234059, "AWATER": 3274900 }, "geometry": { "type": "MultiPolygon", "coordinates": [ [ [ [ -105.919581, 39.690287 ], [ -105.924618, 39.698972 ], [ -105.90828, 39.726246 ], [ -105.883714, 39.737012 ], [ -105.880481, 39.759303 ], [ -105.887622, 39.7966 ], [ -105.854942, 39.796154 ], [ -105.822954, 39.785605 ], [ -105.799013, 39.80343 ], [ -105.777029, 39.798108 ], [ -105.735808, 39.805283 ], [ -105.724125, 39.819018 ], [ -105.716981, 39.835472 ], [ -105.696345, 39.838919 ], [ -105.690348, 39.851996 ], [ -105.633283, 39.843702 ], [ -105.628949, 39.83274 ], [ -105.595636, 39.816111 ], [ -105.583384, 39.822124 ], [ -105.578481, 39.805448 ], [ -105.545505, 39.786882 ], [ -105.548184, 39.781777 ], [ -105.542426, 39.773766 ], [ -105.534117, 39.770268 ], [ -105.526197, 39.768783 ], [ -105.517306, 39.765021 ], [ -105.51147, 39.76601 ], [ -105.508261, 39.764149 ], [ -105.497128, 39.757864 ], [ -105.42259, 39.7552 ], [ -105.397949, 39.74604 ], [ -105.397949, 39.745856 ], [ -105.398349, 39.717147 ], [ -105.398348, 39.714121 ], [ -105.39835, 39.635888 ], [ -105.399089, 39.582072 ], [ -105.398949, 39.566056 ], [ -105.444922, 39.565988 ], [ -105.587986, 39.568197 ], [ -105.623875, 39.567036 ], [ -105.829662, 39.564865 ], [ -105.838369, 39.572952 ], [ -105.808083, 39.583395 ], [ -105.775969, 39.605139 ], [ -105.782674, 39.629024 ], [ -105.793058, 39.636328 ], [ -105.816646, 39.633546 ], [ -105.821182, 39.642692 ], [ -105.848665, 39.644156 ], [ -105.864767, 39.667218 ], [ -105.884861, 39.657084 ], [ -105.910753, 39.662294 ], [ -105.925085, 39.67942 ], [ -105.919581, 39.690287 ] ] ] ] } },
{ "type": "Feature", "properties": { "STATEFP": "08", "COUNTYFP": "065", "COUNTYNS": "00198149", "AFFGEOID": "0500000US08065", "GEOID": "08065", "NAME": "Lake", "NAMELSAD": "Lake County", "STUSPS": "CO", "STATE_NAME": "Colorado", "LSAD": "06", "ALAND": 976215864, "AWATER": 18111565 }, "geometry": { "type": "MultiPolygon", "coordinates": [ [ [ [ -106.580311, 39.102164 ], [ -106.563989, 39.106041 ], [ -106.558171, 39.120223 ], [ -106.564574, 39.132422 ], [ -106.561265, 39.155677 ], [ -106.535138, 39.163146 ], [ -106.520942, 39.157353 ], [ -106.508614, 39.166681 ], [ -106.493649, 39.198326 ], [ -106.489749, 39.227718 ], [ -106.497649, 39.242022 ], [ -106.483127, 39.255103 ], [ -106.483292, 39.272669 ], [ -106.504031, 39.284761 ], [ -106.50238, 39.298567 ], [ -106.485121, 39.312566 ], [ -106.472878, 39.308423 ], [ -106.432085, 39.316698 ], [ -106.434931, 39.341099 ], [ -106.426487, 39.361871 ], [ -106.400634, 39.380962 ], [ -106.380633, 39.37615 ], [ -106.37082, 39.360637 ], [ -106.351742, 39.353683 ], [ -106.339252, 39.359064 ], [ -106.302557, 39.361119 ], [ -106.283812, 39.349469 ], [ -106.259456, 39.361861 ], [ -106.239517, 39.365667 ], [ -106.225627, 39.37963 ], [ -106.206732, 39.379636 ], [ -106.135529, 39.379546 ], [ -106.152943, 39.362761 ], [ -106.139926, 39.339553 ], [ -106.153573, 39.320418 ], [ -106.183709, 39.310283 ], [ -106.18512, 39.242694 ], [ -106.168304, 39.23072 ], [ -106.179274, 39.212288 ], [ -106.185526, 39.186587 ], [ -106.173847, 39.137076 ], [ -106.210173, 39.103918 ], [ -106.179218, 39.103463 ], [ -106.169663, 39.086417 ], [ -106.191246, 39.068448 ], [ -106.191006, 39.056073 ], [ -106.272799, 39.056425 ], [ -106.577966, 39.057908 ], [ -106.586338, 39.087743 ], [ -106.580311, 39.102164 ] ] ] ] } },
{ "type": "Feature", "properties": { "STATEFP": "08", "COUNTYFP": "035", "COUNTYNS": "00198133", "AFFGEOID": "0500000US08035", "GEOID": "08035", "NAME": "Douglas", "NAMELSAD": "Douglas County", "STUSPS": "CO", "STATE_NAME": "Colorado", "LSAD": "06", "ALAND": 2177889328, "AWATER": 6795841 }, "geometry": { "type": "MultiPolygon", "coordinates": [ [ [ [ -105.313557, 39.159121 ], [ -105.287377, 39.179442 ], [ -105.282929, 39.199953 ], [ -105.260054, 39.210445 ], [ -105.263511, 39.229261 ], [ -105.252428, 39.243695 ], [ -105.233938, 39.246868 ], [ -105.234393, 39.255307 ], [ -105.217419, 39.260395 ], [ -105.220776, 39.268063 ], [ -105.198156, 39.310432 ], [ -105.182305, 39.329797 ], [ -105.166574, 39.361754 ], [ -105.172997, 39.377722 ], [ -105.164337, 39.391136 ], [ -105.170963, 39.407825 ], [ -105.123471, 39.434313 ], [ -105.127081, 39.478185 ], [ -105.117646, 39.485392 ], [ -105.09333, 39.488054 ], [ -105.078402, 39.51149 ], [ -105.073045, 39.545265 ], [ -105.06424, 39.554188 ], [ -105.04874, 39.566088 ], [ -105.04085, 39.566145 ], [ -104.988529, 39.566124 ], [ -104.971802, 39.566064 ], [ -104.960469, 39.566129 ], [ -104.941883, 39.566026 ], [ -104.941705, 39.566025 ], [ -104.929106, 39.566038 ], [ -104.922963, 39.566053 ], [ -104.904415, 39.565982 ], [ -104.88571, 39.565979 ], [ -104.872366, 39.565997 ], [ -104.814077, 39.565988 ], [ -104.801148, 39.565948 ], [ -104.794116, 39.56599 ], [ -104.791098, 39.565974 ], [ -104.785194, 39.565943 ], [ -104.784828, 39.565942 ], [ -104.784585, 39.565942 ], [ -104.76629, 39.565928 ], [ -104.746045, 39.565902 ], [ -104.736628, 39.565888 ], [ -104.718145, 39.565895 ], [ -104.707023, 39.565988 ], [ -104.679509, 39.5659 ], [ -104.679311, 39.5659 ], [ -104.66016, 39.565909 ], [ -104.660754, 39.521503 ], [ -104.661518, 39.4635 ], [ -104.661898, 39.4344 ], [ -104.662567, 39.362042 ], [ -104.662892, 39.216716 ], [ -104.662483, 39.129529 ], [ -104.766571, 39.129674 ], [ -104.76987, 39.129661 ], [ -104.830585, 39.129764 ], [ -104.835007, 39.129847 ], [ -104.843465, 39.129944 ], [ -104.849109, 39.13001 ], [ -104.854751, 39.129981 ], [ -104.856881, 39.129921 ], [ -104.857784, 39.129923 ], [ -104.860757, 39.12993 ], [ -104.862323, 39.129934 ], [ -104.86317, 39.129919 ], [ -104.863646, 39.129905 ], [ -104.863905, 39.129906 ], [ -104.863922, 39.129791 ], [ -104.903101, 39.129814 ], [ -104.910292, 39.129948 ], [ -105.026055, 39.12984 ], [ -105.027451, 39.129836 ], [ -105.033473, 39.129783 ], [ -105.033577, 39.129783 ], [ -105.033573, 39.12971 ], [ -105.329445, 39.129487 ], [ -105.313557, 39.159121 ] ] ] ] } },
{ "type": "Feature", "properties": { "STATEFP": "08", "COUNTYFP": "107", "COUNTYNS": "00198169", "AFFGEOID": "0500000US08107", "GEOID": "08107", "NAME": "Routt", "NAMELSAD": "Routt County", "STUSPS": "CO", "STATE_NAME": "Colorado", "LSAD": "06", "ALAND": 6117602804, "AWATER": 15831744 }, "geometry": { "type": "MultiPolygon", "coordinates": [ [ [ [ -107.442594, 40.334755 ], [ -107.432068, 40.334879 ], [ -107.429345, 40.440771 ], [ -107.428752, 40.52681 ], [ -107.428813, 40.542207 ], [ -107.371328, 40.542399 ], [ -107.368621, 40.600298 ], [ -107.314153, 40.600281 ], [ -107.317793899405004, 41.002967212167498 ], [ -107.302937003075996, 41.0029355564307 ], [ -107.241194, 41.002804 ], [ -107.000606, 41.003444 ], [ -106.857773, 41.002663 ], [ -106.850865, 40.991279 ], [ -106.870584, 40.981223 ], [ -106.869891, 40.95672 ], [ -106.852349, 40.925183 ], [ -106.828571, 40.924662 ], [ -106.825147, 40.932023 ], [ -106.800638, 40.895901 ], [ -106.780911, 40.907042 ], [ -106.77006, 40.896497 ], [ -106.740853, 40.8898 ], [ -106.739341, 40.870843 ], [ -106.704547, 40.876656 ], [ -106.685883, 40.885822 ], [ -106.654472, 40.845543 ], [ -106.663105, 40.827523 ], [ -106.638393, 40.817004 ], [ -106.636922, 40.789489 ], [ -106.669981, 40.760308 ], [ -106.662556, 40.744769 ], [ -106.676425, 40.735551 ], [ -106.668508, 40.694633 ], [ -106.686882, 40.683076 ], [ -106.681057, 40.675168 ], [ -106.691826, 40.659958 ], [ -106.680654, 40.649284 ], [ -106.706149, 40.616597 ], [ -106.694766, 40.592009 ], [ -106.702341, 40.578025 ], [ -106.680761, 40.544593 ], [ -106.653113, 40.494732 ], [ -106.657163, 40.483435 ], [ -106.667063, 40.476061 ], [ -106.652112, 40.445231 ], [ -106.652741, 40.388973 ], [ -106.652832, 40.341562 ], [ -106.632257, 40.341559 ], [ -106.636995, 40.178985 ], [ -106.637031, 40.002106 ], [ -106.626112, 39.999986 ], [ -106.626569, 39.924785 ], [ -106.626555, 39.918671 ], [ -107.033968, 39.918913 ], [ -107.03205, 40.002939 ], [ -107.037359, 40.003081 ], [ -107.037363, 40.091538 ], [ -107.037923, 40.224766 ], [ -107.042785, 40.225374 ], [ -107.439386, 40.223379 ], [ -107.442594, 40.334755 ] ] ] ] } },
{ "type": "Feature", "properties": { "STATEFP": "08", "COUNTYFP": "079", "COUNTYNS": "00198155", "AFFGEOID": "0500000US08079", "GEOID": "08079", "NAME": "Mineral", "NAMELSAD": "Mineral County", "STUSPS": "CO", "STATE_NAME": "Colorado", "LSAD": "06", "ALAND": 2268209075, "AWATER": 5222161 }, "geometry": { "type": "MultiPolygon", "coordinates": [ [ [ [ -107.137356, 37.828788 ], [ -107.138191, 37.938848 ], [ -107.110669, 37.943344 ], [ -107.103212, 37.955053 ], [ -107.094606, 37.949307 ], [ -107.06778, 37.961299 ], [ -107.041363, 37.948681 ], [ -107.022918, 37.953792 ], [ -107.008973, 37.946522 ], [ -107.000602, 37.956041 ], [ -106.987368, 37.969179 ], [ -106.967981, 37.975039 ], [ -106.946317, 37.954005 ], [ -106.920312, 37.967431 ], [ -106.897834, 37.967891 ], [ -106.879167, 37.96111 ], [ -106.87988, 37.949861 ], [ -106.84727, 37.91917 ], [ -106.801026, 37.913699 ], [ -106.773066, 37.885575 ], [ -106.755823, 37.880624 ], [ -106.736666, 37.887881 ], [ -106.714678, 37.871901 ], [ -106.693523, 37.873519 ], [ -106.693751, 37.848327 ], [ -106.693845, 37.835244 ], [ -106.695638, 37.664271 ], [ -106.711624, 37.664273 ], [ -106.710775, 37.404228 ], [ -106.710767, 37.396238 ], [ -107.128737, 37.392409 ], [ -107.12868, 37.422942 ], [ -107.123868, 37.675029 ], [ -107.145138, 37.675497 ], [ -107.137356, 37.828788 ] ] ] ] } },
{ "type": "Feature", "properties": { "STATEFP": "08", "COUNTYFP": "109", "COUNTYNS": "00198170", "AFFGEOID": "0500000US08109", "GEOID": "08109", "NAME": "Saguache", "NAMELSAD": "Saguache County", "STUSPS": "CO", "STATE_NAME": "Colorado", "LSAD": "06", "ALAND": 8206547699, "AWATER": 4454510 }, "geometry": { "type": "MultiPolygon", "coordinates": [ [ [ [ -107.000602, 38.384114 ], [ -107.000601, 38.425619 ], [ -106.871146, 38.425263 ], [ -106.24694, 38.422768 ], [ -106.08813, 38.42228 ], [ -106.057982, 38.444691 ], [ -106.058571, 38.456945 ], [ -106.019043, 38.454423 ], [ -106.010751, 38.446566 ], [ -106.012751, 38.440123 ], [ -105.996768, 38.420303 ], [ -105.98395, 38.41999 ], [ -105.947606, 38.390526 ], [ -105.944637, 38.378638 ], [ -105.919851, 38.367156 ], [ -105.888766, 38.340811 ], [ -105.876376, 38.315951 ], [ -105.858315, 38.298359 ], [ -105.84278, 38.293226 ], [ -105.818973, 38.273597 ], [ -105.796897, 38.265047 ], [ -105.789761, 38.24436 ], [ -105.736738, 38.209561 ], [ -105.700414, 38.16918 ], [ -105.673042, 38.159126 ], [ -105.67627, 38.146173 ], [ -105.662654, 38.119158 ], [ -105.655856, 38.092291 ], [ -105.627206, 38.06731 ], [ -105.597112, 38.013638 ], [ -105.604355, 38.008745 ], [ -105.581522, 37.975225 ], [ -105.583922, 37.967196 ], [ -105.560311, 37.951886 ], [ -105.533315, 37.955182 ], [ -105.511086, 37.939131 ], [ -105.502273, 37.92295 ], [ -105.473204, 37.89597 ], [ -105.478495, 37.87985 ], [ -105.450537, 37.878112 ], [ -105.428893, 37.851733 ], [ -105.435179, 37.804767 ], [ -105.454912, 37.795696 ], [ -105.449454, 37.778127 ], [ -105.457255, 37.751464 ], [ -105.809327, 37.750451 ], [ -106.038413, 37.748353 ], [ -106.252612, 37.74811 ], [ -106.586374, 37.747809 ], [ -106.587139, 37.834426 ], [ -106.693845, 37.835244 ], [ -106.693751, 37.848327 ], [ -106.693523, 37.873519 ], [ -106.714678, 37.871901 ], [ -106.736666, 37.887881 ], [ -106.755823, 37.880624 ], [ -106.773066, 37.885575 ], [ -106.801026, 37.913699 ], [ -106.84727, 37.91917 ], [ -106.87988, 37.949861 ], [ -106.879167, 37.96111 ], [ -106.897834, 37.967891 ], [ -106.920312, 37.967431 ], [ -106.946317, 37.954005 ], [ -106.967981, 37.975039 ], [ -106.987368, 37.969179 ], [ -107.000602, 37.956041 ], [ -107.001119, 38.147072 ], [ -107.000602, 38.384114 ] ] ] ] } },
{ "type": "Feature", "properties": { "STATEFP": "08", "COUNTYFP": "015", "COUNTYNS": "00198123", "AFFGEOID": "0500000US08015", "GEOID": "08015", "NAME": "Chaffee", "NAMELSAD": "Chaffee County", "STUSPS": "CO", "STATE_NAME": "Colorado", "LSAD": "06", "ALAND": 2624715692, "AWATER": 3999975 }, "geometry": { "type": "MultiPolygon", "coordinates": [ [ [ [ -106.591692, 39.024923 ], [ -106.597233, 39.044821 ], [ -106.577966, 39.057908 ], [ -106.272799, 39.056425 ], [ -106.191006, 39.056073 ], [ -106.182501, 39.038551 ], [ -106.192616, 39.017348 ], [ -106.17947, 39.011249 ], [ -106.168534, 38.991249 ], [ -106.145414, 38.997899 ], [ -106.108953, 38.987377 ], [ -106.104379, 38.974141 ], [ -106.113757, 38.955327 ], [ -106.110995, 38.940099 ], [ -106.08532, 38.93946 ], [ -106.06591, 38.931896 ], [ -106.05825, 38.941805 ], [ -106.028138, 38.942849 ], [ -105.994449, 38.914858 ], [ -105.975083, 38.910089 ], [ -105.96577, 38.905876 ], [ -105.979418, 38.894533 ], [ -105.974297, 38.882458 ], [ -105.941238, 38.885592 ], [ -105.925123, 38.872178 ], [ -105.943174, 38.852307 ], [ -105.941625, 38.840174 ], [ -105.906759, 38.806815 ], [ -105.929289, 38.774547 ], [ -105.94454, 38.768105 ], [ -105.938063, 38.755212 ], [ -105.94786, 38.743823 ], [ -105.946185, 38.716724 ], [ -105.96975, 38.693551 ], [ -105.945309, 38.690228 ], [ -105.926213, 38.679907 ], [ -105.925484, 38.666365 ], [ -105.907912, 38.650939 ], [ -105.915665, 38.630048 ], [ -105.887149, 38.621329 ], [ -105.878545, 38.605232 ], [ -105.89249, 38.573289 ], [ -105.885429, 38.561312 ], [ -105.90376, 38.547982 ], [ -105.908717, 38.505631 ], [ -105.938188, 38.503349 ], [ -106.010751, 38.446566 ], [ -106.019043, 38.454423 ], [ -106.058571, 38.456945 ], [ -106.057982, 38.444691 ], [ -106.08813, 38.42228 ], [ -106.24694, 38.422768 ], [ -106.245363, 38.439171 ], [ -106.266071, 38.441735 ], [ -106.272655, 38.455196 ], [ -106.288532, 38.461373 ], [ -106.311756, 38.494961 ], [ -106.338207, 38.498207 ], [ -106.348108, 38.512499 ], [ -106.342597, 38.521537 ], [ -106.354185, 38.533384 ], [ -106.344619, 38.568564 ], [ -106.361024, 38.594487 ], [ -106.365251, 38.615899 ], [ -106.385368, 38.624995 ], [ -106.379899, 38.638483 ], [ -106.417223, 38.644919 ], [ -106.429545, 38.651235 ], [ -106.440176, 38.68687 ], [ -106.451867, 38.698343 ], [ -106.443493, 38.709231 ], [ -106.425275, 38.710307 ], [ -106.417431, 38.725675 ], [ -106.419259, 38.766 ], [ -106.415055, 38.799636 ], [ -106.422711, 38.807633 ], [ -106.406987, 38.829334 ], [ -106.383632, 38.824705 ], [ -106.3643, 38.853419 ], [ -106.327505, 38.882297 ], [ -106.320863, 38.89586 ], [ -106.326099, 38.911004 ], [ -106.345241, 38.907067 ], [ -106.357073, 38.912945 ], [ -106.376222, 38.909539 ], [ -106.380836, 38.925685 ], [ -106.402124, 38.910617 ], [ -106.421831, 38.928068 ], [ -106.437175, 38.914906 ], [ -106.465032, 38.910354 ], [ -106.504371, 38.936849 ], [ -106.505313, 38.9444 ], [ -106.528511, 38.959883 ], [ -106.528389, 38.980727 ], [ -106.554211, 38.998711 ], [ -106.577161, 38.990444 ], [ -106.599214, 38.997994 ], [ -106.591692, 39.024923 ] ] ] ] } },
{ "type": "Feature", "properties": { "STATEFP": "08", "COUNTYFP": "049", "COUNTYNS": "00198140", "AFFGEOID": "0500000US08049", "GEOID": "08049", "NAME": "Grand", "NAMELSAD": "Grand County", "STUSPS": "CO", "STATE_NAME": "Colorado", "LSAD": "06", "ALAND": 4782276777, "AWATER": 59886083 }, "geometry": { "type": "MultiPolygon", "coordinates": [ [ [ [ -106.652741, 40.388973 ], [ -106.652112, 40.445231 ], [ -106.62884, 40.422178 ], [ -106.612321, 40.379383 ], [ -106.594616, 40.383178 ], [ -106.556685, 40.377276 ], [ -106.531328, 40.366622 ], [ -106.526741, 40.384085 ], [ -106.489842, 40.411578 ], [ -106.478248, 40.404805 ], [ -106.474494, 40.387984 ], [ -106.44342, 40.346533 ], [ -106.423622, 40.352525 ], [ -106.389059, 40.346111 ], [ -106.370005, 40.357474 ], [ -106.353758, 40.357536 ], [ -106.337124, 40.33973 ], [ -106.305512, 40.3287 ], [ -106.29387, 40.337625 ], [ -106.291071, 40.358204 ], [ -106.265662, 40.36095 ], [ -106.251223, 40.340765 ], [ -106.230074, 40.323382 ], [ -106.217064, 40.32908 ], [ -106.196927, 40.325617 ], [ -106.174734, 40.343183 ], [ -106.149384, 40.331967 ], [ -106.134699, 40.335439 ], [ -106.09939, 40.354473 ], [ -106.08984, 40.350062 ], [ -106.018622, 40.373295 ], [ -106.010851, 40.3619 ], [ -105.986654, 40.364582 ], [ -105.959659, 40.348149 ], [ -105.954343, 40.360297 ], [ -105.938701, 40.366058 ], [ -105.946712, 40.377248 ], [ -105.920557, 40.4018 ], [ -105.905068, 40.398816 ], [ -105.897669, 40.417727 ], [ -105.903265, 40.432762 ], [ -105.899345, 40.465645 ], [ -105.891754, 40.476661 ], [ -105.854926, 40.486252 ], [ -105.837823, 40.483033 ], [ -105.822463, 40.476829 ], [ -105.811053, 40.475773 ], [ -105.80569, 40.447882 ], [ -105.817266, 40.424323 ], [ -105.790951, 40.39864 ], [ -105.790729, 40.386263 ], [ -105.767699, 40.359764 ], [ -105.736345, 40.346615 ], [ -105.729088, 40.335278 ], [ -105.70168, 40.324309 ], [ -105.702235, 40.31261 ], [ -105.685772, 40.302554 ], [ -105.682428, 40.2728 ], [ -105.653321, 40.260457 ], [ -105.64402, 40.249939 ], [ -105.658932, 40.249413 ], [ -105.670559, 40.207802 ], [ -105.677688, 40.201673 ], [ -105.667729, 40.158276 ], [ -105.636551, 40.146375 ], [ -105.62609, 40.127346 ], [ -105.634652, 40.113232 ], [ -105.635429, 40.074947 ], [ -105.648578, 40.06198 ], [ -105.637412, 40.045509 ], [ -105.652793, 40.023772 ], [ -105.689818, 40.015108 ], [ -105.683164, 39.992881 ], [ -105.690321, 39.969768 ], [ -105.6932, 39.941239 ], [ -105.675798, 39.932445 ], [ -105.699719, 39.891499 ], [ -105.690348, 39.851996 ], [ -105.696345, 39.838919 ], [ -105.716981, 39.835472 ], [ -105.724125, 39.819018 ], [ -105.735808, 39.805283 ], [ -105.777029, 39.798108 ], [ -105.799013, 39.80343 ], [ -105.822954, 39.785605 ], [ -105.854942, 39.796154 ], [ -105.887622, 39.7966 ], [ -105.880481, 39.759303 ], [ -105.883714, 39.737012 ], [ -105.90828, 39.726246 ], [ -105.924618, 39.698972 ], [ -105.996339, 39.684122 ], [ -106.025906, 39.689138 ], [ -106.036037, 39.704687 ], [ -106.038106, 39.712058 ], [ -106.058548, 39.724701 ], [ -106.064827, 39.760733 ], [ -106.081207, 39.787399 ], [ -106.084115, 39.806655 ], [ -106.131483, 39.8442 ], [ -106.149507, 39.839561 ], [ -106.171143, 39.845293 ], [ -106.200566, 39.864042 ], [ -106.231688, 39.900806 ], [ -106.252027, 39.914712 ], [ -106.294777, 39.91892 ], [ -106.395433, 39.914016 ], [ -106.395257, 39.924589 ], [ -106.434508, 39.924914 ], [ -106.6185, 39.925231 ], [ -106.626569, 39.924785 ], [ -106.626112, 39.999986 ], [ -106.637031, 40.002106 ], [ -106.636995, 40.178985 ], [ -106.632257, 40.341559 ], [ -106.652832, 40.341562 ], [ -106.652741, 40.388973 ] ] ] ] } },
{ "type": "Feature", "properties": { "STATEFP": "08", "COUNTYFP": "033", "COUNTYNS": "00198132", "AFFGEOID": "0500000US08033", "GEOID": "08033", "NAME": "Dolores", "NAMELSAD": "Dolores County", "STUSPS": "CO", "STATE_NAME": "Colorado", "LSAD": "06", "ALAND": 2763958508, "AWATER": 2716141 }, "geometry": { "type": "MultiPolygon", "coordinates": [ [ [ [ -109.043137, 37.499992 ], [ -109.041915, 37.530653 ], [ -109.041865, 37.530726 ], [ -109.041806, 37.604171 ], [ -109.042131, 37.617662 ], [ -109.042089, 37.623795 ], [ -109.042269, 37.666067 ], [ -109.041732, 37.711214 ], [ -109.04176, 37.713182 ], [ -109.041636, 37.74021 ], [ -109.042098, 37.74999 ], [ -109.041461, 37.800105 ], [ -109.041754, 37.835826 ], [ -109.041723, 37.842051 ], [ -109.041844, 37.872788 ], [ -109.041654683556004, 37.8810851664933 ], [ -108.820522, 37.880851 ], [ -108.816731, 37.895505 ], [ -108.256498, 37.894607 ], [ -108.247934, 37.87938 ], [ -108.237837, 37.876392 ], [ -108.227005, 37.843475 ], [ -108.212354, 37.832038 ], [ -108.210164, 37.821125 ], [ -108.199082, 37.824187 ], [ -108.174906, 37.832592 ], [ -108.141527, 37.832454 ], [ -108.112523, 37.855235 ], [ -108.090526, 37.839994 ], [ -108.066479, 37.851048 ], [ -108.058476, 37.841 ], [ -108.030865, 37.855495 ], [ -107.989208, 37.85664 ], [ -107.971393, 37.832428 ], [ -107.950763, 37.835759 ], [ -107.937646, 37.822668 ], [ -107.921347, 37.823714 ], [ -107.892508, 37.802657 ], [ -107.886257, 37.785454 ], [ -107.873187, 37.786239 ], [ -107.860845, 37.775517 ], [ -107.870481, 37.762762 ], [ -107.861912, 37.756024 ], [ -107.875622, 37.738851 ], [ -107.872966, 37.722416 ], [ -107.901349, 37.719002 ], [ -107.937206, 37.702562 ], [ -107.952628, 37.706788 ], [ -107.968875, 37.696485 ], [ -107.96942, 37.679232 ], [ -107.957078, 37.648894 ], [ -107.970086, 37.639587 ], [ -108.107996, 37.638753 ], [ -108.161142, 37.635265 ], [ -108.666056, 37.633195 ], [ -108.671618, 37.631567 ], [ -108.694763, 37.631516 ], [ -108.917081, 37.631902 ], [ -109.043461439769004, 37.484820040900303 ], [ -109.043137, 37.499992 ] ] ] ] } },
{ "type": "Feature", "properties": { "STATEFP": "08", "COUNTYFP": "123", "COUNTYNS": "00198177", "AFFGEOID": "0500000US08123", "GEOID": "08123", "NAME": "Weld", "NAMELSAD": "Weld County", "STUSPS": "CO", "STATE_NAME": "Colorado", "LSAD": "06", "ALAND": 10320980111, "AWATER": 82342514 }, "geometry": { "type": "MultiPolygon", "coordinates": [ [ [ [ -104.979911, 40.033053 ], [ -104.978259, 40.033471 ], [ -104.97305, 40.033037 ], [ -104.973074, 40.029512 ], [ -104.979917, 40.029486 ], [ -104.979911, 40.033053 ] ] ], [ [ [ -105.05672, 40.349281 ], [ -104.981677, 40.349165 ], [ -104.981291, 40.349164 ], [ -104.945551, 40.349099 ], [ -104.944605, 40.405309 ], [ -104.944568, 40.406964 ], [ -104.944562, 40.407348 ], [ -104.944427, 40.414196 ], [ -104.944116, 40.473375 ], [ -104.944116, 40.473495 ], [ -104.944096, 40.4793 ], [ -104.944164, 40.508104 ], [ -104.944258, 40.522768 ], [ -104.944135, 40.564112 ], [ -104.944108, 40.566251 ], [ -104.944112, 40.580938 ], [ -104.944095, 40.58809 ], [ -104.943862, 40.638777 ], [ -104.943484, 40.653219 ], [ -104.943103, 40.691525 ], [ -104.943543, 40.696509 ], [ -104.943337, 40.783294 ], [ -104.943127, 40.903405 ], [ -104.943371, 40.998083723808897 ], [ -104.855273, 40.998048 ], [ -104.829504, 40.99927 ], [ -104.773027200166993, 40.999890672690299 ], [ -104.675999, 41.000957 ], [ -104.497149, 41.001828 ], [ -104.497058, 41.001805 ], [ -104.467672, 41.001473 ], [ -104.214692, 41.001657 ], [ -104.214191, 41.001568 ], [ -104.211473, 41.001591 ], [ -104.123586, 41.001626 ], [ -104.10459, 41.001543 ], [ -104.086068, 41.001563 ], [ -104.066961, 41.001504 ], [ -104.053249, 41.001406 ], [ -104.039238, 41.001502 ], [ -104.023383, 41.001887 ], [ -104.018223, 41.001617 ], [ -103.972642, 41.001615 ], [ -103.971373, 41.001524 ], [ -103.953525, 41.001596 ], [ -103.906324, 41.001387 ], [ -103.896207, 41.00175 ], [ -103.877967, 41.001673 ], [ -103.858449, 41.001681 ], [ -103.750498, 41.002054 ], [ -103.574522, 41.001721 ], [ -103.573773995351999, 41.001720165379197 ], [ -103.573727, 40.891094 ], [ -103.574301, 40.702018 ], [ -103.581844, 40.523383 ], [ -104.147714, 40.524389 ], [ -104.150494, 40.350245 ], [ -104.150207, 40.305965 ], [ -104.150206, 40.30548 ], [ -104.150332, 40.000856 ], [ -104.41463, 40.000742 ], [ -104.604064, 40.00056 ], [ -104.64064, 40.000575 ], [ -104.697142, 40.00051 ], [ -104.714754, 40.000511 ], [ -104.71621, 40.000511 ], [ -104.753728, 40.000471 ], [ -104.771199, 40.000451 ], [ -104.79705, 40.000454 ], [ -104.816048, 40.000418 ], [ -104.821965, 40.000412 ], [ -104.827414, 40.000403 ], [ -104.885967, 40.000356 ], [ -104.922153, 40.00033 ], [ -104.941144, 40.000335 ], [ -104.961405, 40.000337 ], [ -104.961071, 40.044144 ], [ -104.978526, 40.043888 ], [ -104.979242, 40.043758 ], [ -104.999007, 40.025776 ], [ -104.989647, 40.007679 ], [ -105.007954, 40.00578 ], [ -105.007933, 40.002987 ], [ -105.00801, 40.000483 ], [ -105.037067, 40.000467 ], [ -105.052823, 40.00026 ], [ -105.055518, 40.000251 ], [ -105.055448, 40.014774 ], [ -105.055462, 40.036636 ], [ -105.055471, 40.065828 ], [ -105.055466, 40.069364 ], [ -105.05543, 40.087512 ], [ -105.055334, 40.152024 ], [ -105.055333, 40.152287 ], [ -105.055251, 40.174589 ], [ -105.055184, 40.20368 ], [ -105.055076, 40.232779 ], [ -105.0551, 40.25612 ], [ -105.055089, 40.261793 ], [ -105.055166, 40.296766 ], [ -105.055326, 40.319905 ], [ -105.055135, 40.335183 ], [ -105.05672, 40.349281 ] ] ] ] } },
{ "type": "Feature", "properties": { "STATEFP": "08", "COUNTYFP": "125", "COUNTYNS": "00198178", "AFFGEOID": "0500000US08125", "GEOID": "08125", "NAME": "Yuma", "NAMELSAD": "Yuma County", "STUSPS": "CO", "STATE_NAME": "Colorado", "LSAD": "06", "ALAND": 6123764032, "AWATER": 11134194 }, "geometry": { "type": "MultiPolygon", "coordinates": [ [ [ [ -102.803767, 40.002554 ], [ -102.793305, 40.002493 ], [ -102.793582, 40.351281 ], [ -102.78018, 40.351144 ], [ -102.77996, 40.438446 ], [ -102.664804, 40.438473 ], [ -102.473797, 40.439166 ], [ -102.416259, 40.439924 ], [ -102.397229, 40.439709 ], [ -102.051465, 40.440008 ], [ -102.05184, 40.396396 ], [ -102.051572, 40.39308 ], [ -102.051798, 40.360069 ], [ -102.051553251675998, 40.349213986395299 ], [ -102.051309, 40.338381 ], [ -102.051922, 40.235344 ], [ -102.051894, 40.229193 ], [ -102.051909, 40.162674 ], [ -102.052001, 40.148359 ], [ -102.051744, 40.003078 ], [ -102.051569, 39.849805 ], [ -102.051363, 39.843471 ], [ -102.051318, 39.833311 ], [ -102.051254, 39.818992 ], [ -102.050594, 39.675594 ], [ -102.050099, 39.653812 ], [ -102.050422, 39.646048 ], [ -102.049954, 39.592331 ], [ -102.049806, 39.574058 ], [ -102.425651, 39.570664 ], [ -102.430431, 39.570816 ], [ -102.552028, 39.570639 ], [ -102.570862, 39.569294 ], [ -102.802932, 39.567841 ], [ -102.803767, 40.002554 ] ] ] ] } },
{ "type": "Feature", "properties": { "STATEFP": "08", "COUNTYFP": "014", "COUNTYNS": "01945881", "AFFGEOID": "0500000US08014", "GEOID": "08014", "NAME": "Broomfield", "NAMELSAD": "Broomfield County", "STUSPS": "CO", "STATE_NAME": "Colorado", "LSAD": "06", "ALAND": 85386685, "AWATER": 1502572 }, "geometry": { "type": "MultiPolygon", "coordinates": [ [ [ [ -105.107374, 39.957915 ], [ -105.091025, 39.957785 ], [ -105.109178, 39.956566 ], [ -105.107374, 39.957915 ] ] ], [ [ [ -105.16569, 39.910515 ], [ -105.147143, 39.913889 ], [ -105.147041, 39.928938 ], [ -105.137579, 39.939688 ], [ -105.128002, 39.954173 ], [ -105.121258, 39.952389 ], [ -105.109528, 39.956457 ], [ -105.120837, 39.951293 ], [ -105.109333, 39.95064 ], [ -105.118562, 39.943323 ], [ -105.11394, 39.928989 ], [ -105.113762, 39.928615 ], [ -105.11184, 39.927081 ], [ -105.109414, 39.925475 ], [ -105.109409, 39.925859 ], [ -105.109406, 39.926114 ], [ -105.110894, 39.927071 ], [ -105.111873, 39.92805 ], [ -105.11325, 39.930656 ], [ -105.113419, 39.93186 ], [ -105.113027, 39.932755 ], [ -105.112296, 39.933447 ], [ -105.109235, 39.935538 ], [ -105.090853, 39.936051 ], [ -105.091072, 39.943281 ], [ -105.072002, 39.95767 ], [ -105.088693, 39.958424 ], [ -105.07189, 39.96785 ], [ -105.058553, 39.97526 ], [ -105.052797, 39.977674 ], [ -105.052823, 40.00026 ], [ -105.037067, 40.000467 ], [ -105.00801, 40.000483 ], [ -105.007933, 40.002987 ], [ -105.007954, 40.00578 ], [ -104.989647, 40.007679 ], [ -104.999007, 40.025776 ], [ -104.979242, 40.043758 ], [ -104.978526, 40.043888 ], [ -104.961071, 40.044144 ], [ -104.961405, 40.000337 ], [ -104.980959, 40.000239 ], [ -104.987716, 39.986619 ], [ -104.987762, 39.981534 ], [ -104.997065, 39.972149 ], [ -104.988159, 39.968466 ], [ -104.99725, 39.968529 ], [ -104.997423, 39.981213 ], [ -105.015845, 39.981193 ], [ -105.015653, 39.957724 ], [ -104.9971, 39.943239 ], [ -105.015657, 39.943093 ], [ -105.015491, 39.928544 ], [ -105.015469, 39.921402 ], [ -105.034395, 39.921305 ], [ -105.034347, 39.914181 ], [ -105.052892, 39.914224 ], [ -105.052971, 39.914224 ], [ -105.062384, 39.913987 ], [ -105.071688, 39.899832 ], [ -105.08025, 39.899819 ], [ -105.080424, 39.899819 ], [ -105.096692, 39.899788 ], [ -105.108609, 39.914137 ], [ -105.140573, 39.914029 ], [ -105.147121, 39.91389 ], [ -105.147396, 39.900094 ], [ -105.128943, 39.892801 ], [ -105.128895, 39.890353 ], [ -105.134852, 39.889292 ], [ -105.165571, 39.892495 ], [ -105.16569, 39.910515 ] ], [ [ -105.071937, 39.957938 ], [ -105.052889, 39.957826 ], [ -105.052828, 39.965892 ], [ -105.058473, 39.974345 ], [ -105.082566, 39.959277 ], [ -105.071937, 39.957938 ] ], [ [ -104.979917, 40.029486 ], [ -104.973074, 40.029512 ], [ -104.97305, 40.033037 ], [ -104.978259, 40.033471 ], [ -104.979911, 40.033053 ], [ -104.979917, 40.029486 ] ] ] ] } },
{ "type": "Feature", "properties": { "STATEFP": "08", "COUNTYFP": "031", "COUNTYNS": "00198131", "AFFGEOID": "0500000US08031", "GEOID": "08031", "NAME": "Denver", "NAMELSAD": "Denver County", "STUSPS": "CO", "STATE_NAME": "Colorado", "LSAD": "06", "ALAND": 396460127, "AWATER": 4275563 }, "geometry": { "type": "MultiPolygon", "coordinates": [ [ [ [ -105.109875, 39.635072 ], [ -105.0911, 39.638719 ], [ -105.081676, 39.638759 ], [ -105.081565, 39.636166 ], [ -105.073271, 39.63874 ], [ -105.053581, 39.65116 ], [ -105.05715, 39.652946 ], [ -105.070833, 39.649579 ], [ -105.071972, 39.659951 ], [ -105.081453, 39.662056 ], [ -105.081451, 39.667743 ], [ -105.081348, 39.670133 ], [ -105.067297, 39.667775 ], [ -105.053256, 39.667785 ], [ -105.06262, 39.67928 ], [ -105.057797, 39.682272 ], [ -105.053221, 39.682291 ], [ -105.053266, 39.689559 ], [ -105.053225, 39.696769 ], [ -105.053245, 39.703268 ], [ -105.05325, 39.711343 ], [ -105.053278, 39.718427 ], [ -105.053253, 39.7258 ], [ -105.053228, 39.734922 ], [ -105.053206, 39.740306 ], [ -105.053206, 39.740411 ], [ -105.053212, 39.74398 ], [ -105.053219, 39.747616 ], [ -105.053236, 39.754848 ], [ -105.053239, 39.758472 ], [ -105.05324, 39.769333 ], [ -105.053245, 39.776583 ], [ -105.053184, 39.783687 ], [ -105.062659, 39.783847 ], [ -105.053246, 39.791063 ], [ -105.026773, 39.791112 ], [ -105.025149, 39.794003 ], [ -105.006416, 39.791049 ], [ -104.99779, 39.791026 ], [ -104.988848, 39.791036 ], [ -104.968716, 39.798396 ], [ -104.967523, 39.793269 ], [ -104.968861, 39.791041 ], [ -104.949712, 39.794621 ], [ -104.939882, 39.790994 ], [ -104.927034, 39.791054 ], [ -104.922274, 39.783776 ], [ -104.903439, 39.783888 ], [ -104.903561, 39.798391 ], [ -104.884474, 39.798322 ], [ -104.884405, 39.812815 ], [ -104.866041, 39.798386 ], [ -104.847181, 39.798236 ], [ -104.835673, 39.798108 ], [ -104.820038, 39.79826 ], [ -104.80969, 39.798317 ], [ -104.790895, 39.798251 ], [ -104.790859, 39.841802 ], [ -104.730953, 39.845195 ], [ -104.73039, 39.896131 ], [ -104.703311, 39.895949 ], [ -104.692054, 39.914178 ], [ -104.679664, 39.907008 ], [ -104.640361, 39.906711 ], [ -104.630945, 39.899291 ], [ -104.607274, 39.899124 ], [ -104.599581, 39.899038 ], [ -104.605261, 39.873114 ], [ -104.619152, 39.87322 ], [ -104.619743, 39.826852 ], [ -104.625566, 39.82249 ], [ -104.65539, 39.822605 ], [ -104.655445, 39.812999 ], [ -104.666062, 39.822791 ], [ -104.753082, 39.823381 ], [ -104.762462, 39.823443 ], [ -104.762606, 39.798433 ], [ -104.734399, 39.798442 ], [ -104.734532, 39.781862 ], [ -104.734749, 39.769211 ], [ -104.753442, 39.769302 ], [ -104.772166, 39.7715 ], [ -104.772157, 39.776409 ], [ -104.781577, 39.772795 ], [ -104.809884, 39.772823 ], [ -104.828163, 39.772374 ], [ -104.828323, 39.769156 ], [ -104.856394, 39.768581 ], [ -104.85552, 39.757796 ], [ -104.846932, 39.754888 ], [ -104.84694, 39.754687 ], [ -104.86594, 39.75474 ], [ -104.879901, 39.754735 ], [ -104.884664, 39.747467 ], [ -104.884652, 39.743807 ], [ -104.884646, 39.740156 ], [ -104.884659, 39.737274 ], [ -104.884708, 39.732846 ], [ -104.87533, 39.725576 ], [ -104.870596, 39.718176 ], [ -104.870625, 39.710174 ], [ -104.865971, 39.711053 ], [ -104.865967, 39.703807 ], [ -104.865962, 39.696559 ], [ -104.875309, 39.696505 ], [ -104.875318, 39.698438 ], [ -104.885773, 39.696523 ], [ -104.903544, 39.698535 ], [ -104.903512, 39.689354 ], [ -104.89409, 39.692713 ], [ -104.894046, 39.682061 ], [ -104.903443, 39.684857 ], [ -104.905191, 39.683862 ], [ -104.906253, 39.678442 ], [ -104.903579, 39.676675 ], [ -104.903524, 39.67464 ], [ -104.903509, 39.667624 ], [ -104.890204, 39.66451 ], [ -104.890005, 39.667578 ], [ -104.87926, 39.663928 ], [ -104.875291, 39.674766 ], [ -104.870882, 39.674764 ], [ -104.866051, 39.670847 ], [ -104.866334, 39.660309 ], [ -104.848678, 39.659218 ], [ -104.848938, 39.656523 ], [ -104.875573, 39.64499 ], [ -104.877, 39.65305 ], [ -104.88014, 39.653057 ], [ -104.88512, 39.638948 ], [ -104.885264, 39.624129 ], [ -104.901864, 39.624094 ], [ -104.913407, 39.624083 ], [ -104.913227, 39.638669 ], [ -104.931873, 39.645826 ], [ -104.931703, 39.653044 ], [ -104.940683, 39.653013 ], [ -104.954983, 39.652987 ], [ -104.959443, 39.661526 ], [ -104.968785, 39.660417 ], [ -104.974586, 39.667687 ], [ -104.987572, 39.667682 ], [ -105.000355, 39.667728 ], [ -105.004395, 39.660484 ], [ -105.008664, 39.678627 ], [ -105.015696, 39.678684 ], [ -105.025269, 39.656817 ], [ -105.032162, 39.653276 ], [ -105.033562, 39.653286 ], [ -105.029979, 39.642245 ], [ -105.034707, 39.638593 ], [ -105.025425, 39.62858 ], [ -105.034822, 39.627809 ], [ -105.05341, 39.631504 ], [ -105.053342, 39.63877 ], [ -105.059138, 39.638243 ], [ -105.053457, 39.629526 ], [ -105.053641, 39.613976 ], [ -105.05808, 39.617503 ], [ -105.091401, 39.614332 ], [ -105.091362, 39.618336 ], [ -105.065141, 39.618582 ], [ -105.091164, 39.627081 ], [ -105.091256, 39.624198 ], [ -105.107503, 39.624218 ], [ -105.109883, 39.629897 ], [ -105.109875, 39.635072 ] ], [ [ -105.06356, 39.651859 ], [ -105.062589, 39.651854 ], [ -105.06256, 39.652978 ], [ -105.063539, 39.652979 ], [ -105.06356, 39.651859 ] ], [ [ -104.940612, 39.69657 ], [ -104.940625, 39.6954 ], [ -104.934027, 39.6966 ], [ -104.931735, 39.696601 ], [ -104.928183, 39.696634 ], [ -104.931654, 39.700221 ], [ -104.926991, 39.703857 ], [ -104.931648, 39.711098 ], [ -104.940684, 39.711076 ], [ -104.940612, 39.69657 ] ], [ [ -104.926429, 39.669394 ], [ -104.92266, 39.667578 ], [ -104.920702, 39.668168 ], [ -104.922221, 39.666947 ], [ -104.921016, 39.660338 ], [ -104.915898, 39.658508 ], [ -104.915836, 39.656214 ], [ -104.912985, 39.656209 ], [ -104.91297, 39.663133 ], [ -104.915939, 39.663471 ], [ -104.916378, 39.667585 ], [ -104.917544, 39.66758 ], [ -104.917559, 39.672983 ], [ -104.925746, 39.676641 ], [ -104.925725, 39.675281 ], [ -104.930242, 39.674832 ], [ -104.926429, 39.669394 ] ], [ [ -104.904032, 39.624116 ], [ -104.902904, 39.624181 ], [ -104.902796, 39.624304 ], [ -104.903285, 39.625954 ], [ -104.903787, 39.626828 ], [ -104.904032, 39.624116 ] ] ] ] } },
{ "type": "Feature", "properties": { "STATEFP": "08", "COUNTYFP": "037", "COUNTYNS": "00198134", "AFFGEOID": "0500000US08037", "GEOID": "08037", "NAME": "Eagle", "NAMELSAD": "Eagle County", "STUSPS": "CO", "STATE_NAME": "Colorado", "LSAD": "06", "ALAND": 4362757046, "AWATER": 18967822 }, "geometry": { "type": "MultiPolygon", "coordinates": [ [ [ [ -107.113872, 39.62489 ], [ -107.113672, 39.919112 ], [ -107.033968, 39.918913 ], [ -106.626555, 39.918671 ], [ -106.626569, 39.924785 ], [ -106.6185, 39.925231 ], [ -106.434508, 39.924914 ], [ -106.428103, 39.882164 ], [ -106.432969, 39.865402 ], [ -106.412011, 39.82867 ], [ -106.385478, 39.767164 ], [ -106.365325, 39.752918 ], [ -106.343275, 39.75873 ], [ -106.325415, 39.733233 ], [ -106.298346, 39.720569 ], [ -106.290916, 39.704066 ], [ -106.262622, 39.697851 ], [ -106.258247, 39.679804 ], [ -106.238745, 39.680274 ], [ -106.23484, 39.66203 ], [ -106.217165, 39.654592 ], [ -106.18384, 39.652153 ], [ -106.176464, 39.635722 ], [ -106.177604, 39.609056 ], [ -106.205663, 39.603866 ], [ -106.215027, 39.575186 ], [ -106.205719, 39.558211 ], [ -106.216037, 39.531679 ], [ -106.224437, 39.531219 ], [ -106.236748, 39.548594 ], [ -106.248567, 39.54391 ], [ -106.255767, 39.519897 ], [ -106.246416, 39.512752 ], [ -106.259164, 39.494215 ], [ -106.247285, 39.4913 ], [ -106.251638, 39.465039 ], [ -106.22321, 39.433105 ], [ -106.232687, 39.426248 ], [ -106.228555, 39.41465 ], [ -106.202375, 39.397139 ], [ -106.206732, 39.379636 ], [ -106.225627, 39.37963 ], [ -106.239517, 39.365667 ], [ -106.259456, 39.361861 ], [ -106.283812, 39.349469 ], [ -106.302557, 39.361119 ], [ -106.339252, 39.359064 ], [ -106.351742, 39.353683 ], [ -106.37082, 39.360637 ], [ -106.380633, 39.37615 ], [ -106.400634, 39.380962 ], [ -106.426487, 39.361871 ], [ -106.489362, 39.361815 ], [ -106.509214, 39.362298 ], [ -106.973403, 39.365643 ], [ -107.058699, 39.366241 ], [ -107.113446, 39.366066 ], [ -107.113609, 39.401589 ], [ -107.113584, 39.421304 ], [ -107.113643, 39.487268 ], [ -107.113864, 39.624201 ], [ -107.113867, 39.624566 ], [ -107.113872, 39.62489 ] ] ] ] } },
{ "type": "Feature", "properties": { "STATEFP": "08", "COUNTYFP": "059", "COUNTYNS": "00198145", "AFFGEOID": "0500000US08059", "GEOID": "08059", "NAME": "Jefferson", "NAMELSAD": "Jefferson County", "STUSPS": "CO", "STATE_NAME": "Colorado", "LSAD": "06", "ALAND": 1979742585, "AWATER": 25072423 }, "geometry": { "type": "MultiPolygon", "coordinates": [ [ [ [ -105.059138, 39.638243 ], [ -105.053342, 39.63877 ], [ -105.05341, 39.631504 ], [ -105.053457, 39.629526 ], [ -105.059138, 39.638243 ] ] ], [ [ [ -105.063539, 39.652979 ], [ -105.06256, 39.652978 ], [ -105.062589, 39.651854 ], [ -105.06356, 39.651859 ], [ -105.063539, 39.652979 ] ] ], [ [ [ -105.399089, 39.582072 ], [ -105.39835, 39.635888 ], [ -105.398348, 39.714121 ], [ -105.398349, 39.717147 ], [ -105.397949, 39.745856 ], [ -105.397949, 39.74604 ], [ -105.397948, 39.84094 ], [ -105.397849, 39.912886 ], [ -105.314702, 39.913883 ], [ -105.238933, 39.914367 ], [ -105.16615, 39.914047 ], [ -105.147143, 39.913889 ], [ -105.16569, 39.910515 ], [ -105.165571, 39.892495 ], [ -105.134852, 39.889292 ], [ -105.128895, 39.890353 ], [ -105.128943, 39.892801 ], [ -105.147396, 39.900094 ], [ -105.147121, 39.91389 ], [ -105.140573, 39.914029 ], [ -105.108609, 39.914137 ], [ -105.096692, 39.899788 ], [ -105.080424, 39.899819 ], [ -105.08025, 39.899819 ], [ -105.071688, 39.899832 ], [ -105.062384, 39.913987 ], [ -105.052971, 39.914224 ], [ -105.052892, 39.914224 ], [ -105.053005, 39.899806 ], [ -105.053091, 39.885356 ], [ -105.05323, 39.869395 ], [ -105.053191, 39.86362 ], [ -105.053263, 39.859948 ], [ -105.053289, 39.856764 ], [ -105.053339, 39.855978 ], [ -105.053236, 39.841807 ], [ -105.053266, 39.834527 ], [ -105.053262, 39.827273 ], [ -105.053281, 39.821859 ], [ -105.05327, 39.820028 ], [ -105.052839, 39.802535 ], [ -105.052886, 39.800863 ], [ -105.053246, 39.791063 ], [ -105.062659, 39.783847 ], [ -105.053184, 39.783687 ], [ -105.053245, 39.776583 ], [ -105.05324, 39.769333 ], [ -105.053239, 39.758472 ], [ -105.053236, 39.754848 ], [ -105.053219, 39.747616 ], [ -105.053212, 39.74398 ], [ -105.053206, 39.740411 ], [ -105.053206, 39.740306 ], [ -105.053228, 39.734922 ], [ -105.053253, 39.7258 ], [ -105.053278, 39.718427 ], [ -105.05325, 39.711343 ], [ -105.053245, 39.703268 ], [ -105.053225, 39.696769 ], [ -105.053266, 39.689559 ], [ -105.053221, 39.682291 ], [ -105.057797, 39.682272 ], [ -105.06262, 39.67928 ], [ -105.053256, 39.667785 ], [ -105.067297, 39.667775 ], [ -105.081348, 39.670133 ], [ -105.081451, 39.667743 ], [ -105.081453, 39.662056 ], [ -105.071972, 39.659951 ], [ -105.070833, 39.649579 ], [ -105.05715, 39.652946 ], [ -105.053581, 39.65116 ], [ -105.073271, 39.63874 ], [ -105.081565, 39.636166 ], [ -105.081676, 39.638759 ], [ -105.0911, 39.638719 ], [ -105.109875, 39.635072 ], [ -105.109883, 39.629897 ], [ -105.107503, 39.624218 ], [ -105.091256, 39.624198 ], [ -105.091164, 39.627081 ], [ -105.065141, 39.618582 ], [ -105.091362, 39.618336 ], [ -105.091401, 39.614332 ], [ -105.05808, 39.617503 ], [ -105.053641, 39.613976 ], [ -105.053625, 39.609665 ], [ -105.053703, 39.59522 ], [ -105.05395, 39.580739 ], [ -105.05404, 39.575768 ], [ -105.054145, 39.567085 ], [ -105.04874, 39.566088 ], [ -105.06424, 39.554188 ], [ -105.073045, 39.545265 ], [ -105.078402, 39.51149 ], [ -105.09333, 39.488054 ], [ -105.117646, 39.485392 ], [ -105.127081, 39.478185 ], [ -105.123471, 39.434313 ], [ -105.170963, 39.407825 ], [ -105.164337, 39.391136 ], [ -105.172997, 39.377722 ], [ -105.166574, 39.361754 ], [ -105.182305, 39.329797 ], [ -105.198156, 39.310432 ], [ -105.220776, 39.268063 ], [ -105.217419, 39.260395 ], [ -105.234393, 39.255307 ], [ -105.233938, 39.246868 ], [ -105.252428, 39.243695 ], [ -105.263511, 39.229261 ], [ -105.260054, 39.210445 ], [ -105.282929, 39.199953 ], [ -105.287377, 39.179442 ], [ -105.313557, 39.159121 ], [ -105.329445, 39.129487 ], [ -105.330382, 39.129474 ], [ -105.397875, 39.129564 ], [ -105.397759, 39.158624 ], [ -105.397881, 39.203277 ], [ -105.398051, 39.424159 ], [ -105.398341, 39.464173 ], [ -105.398116, 39.468464 ], [ -105.398518, 39.52475 ], [ -105.398949, 39.566056 ], [ -105.399089, 39.582072 ] ] ] ] } },
{ "type": "Feature", "properties": { "STATEFP": "08", "COUNTYFP": "053", "COUNTYNS": "00198142", "AFFGEOID": "0500000US08053", "GEOID": "08053", "NAME": "Hinsdale", "NAMELSAD": "Hinsdale County", "STUSPS": "CO", "STATE_NAME": "Colorado", "LSAD": "06", "ALAND": 2893614472, "AWATER": 15324685 }, "geometry": { "type": "MultiPolygon", "coordinates": [ [ [ [ -107.591367, 37.992252 ], [ -107.573888, 38.006379 ], [ -107.549254, 37.99848 ], [ -107.537975, 38.008919 ], [ -107.539856, 38.027109 ], [ -107.51088, 38.060877 ], [ -107.533262, 38.080059 ], [ -107.553585, 38.0792 ], [ -107.565394, 38.098868 ], [ -107.564733, 38.127906 ], [ -107.574245, 38.136009 ], [ -107.56862, 38.147267 ], [ -107.001119, 38.147072 ], [ -107.000602, 37.956041 ], [ -107.008973, 37.946522 ], [ -107.022918, 37.953792 ], [ -107.041363, 37.948681 ], [ -107.06778, 37.961299 ], [ -107.094606, 37.949307 ], [ -107.103212, 37.955053 ], [ -107.110669, 37.943344 ], [ -107.138191, 37.938848 ], [ -107.137356, 37.828788 ], [ -107.145138, 37.675497 ], [ -107.123868, 37.675029 ], [ -107.12868, 37.422942 ], [ -107.192145, 37.422953 ], [ -107.482131, 37.422673 ], [ -107.482179, 37.639501 ], [ -107.482245, 37.768353 ], [ -107.46908, 37.765482 ], [ -107.458114, 37.782096 ], [ -107.468843, 37.809726 ], [ -107.49031, 37.824275 ], [ -107.516547, 37.826451 ], [ -107.517859, 37.856978 ], [ -107.536021, 37.873914 ], [ -107.533444, 37.888077 ], [ -107.520167, 37.901312 ], [ -107.535902, 37.920123 ], [ -107.532593, 37.943905 ], [ -107.563369, 37.955937 ], [ -107.568875, 37.965015 ], [ -107.588221, 37.970312 ], [ -107.591367, 37.992252 ] ] ] ] } },
{ "type": "Feature", "properties": { "STATEFP": "08", "COUNTYFP": "041", "COUNTYNS": "00198135", "AFFGEOID": "0500000US08041", "GEOID": "08041", "NAME": "El Paso", "NAMELSAD": "El Paso County", "STUSPS": "CO", "STATE_NAME": "Colorado", "LSAD": "06", "ALAND": 5507386922, "AWATER": 7070359 }, "geometry": { "type": "MultiPolygon", "coordinates": [ [ [ [ -105.072457, 38.805007 ], [ -105.067423, 38.863998 ], [ -105.066441, 38.869177 ], [ -105.028633, 38.86873 ], [ -105.027342, 38.930811 ], [ -105.027212, 38.941615 ], [ -105.027082, 38.952004 ], [ -105.027056, 38.954881 ], [ -105.029945, 38.999632 ], [ -105.027514, 39.019571 ], [ -105.027275, 39.026401 ], [ -105.027139, 39.028954 ], [ -105.027905, 39.041859 ], [ -105.033473, 39.129783 ], [ -105.027451, 39.129836 ], [ -105.026055, 39.12984 ], [ -104.910292, 39.129948 ], [ -104.903101, 39.129814 ], [ -104.863922, 39.129791 ], [ -104.863905, 39.129906 ], [ -104.863646, 39.129905 ], [ -104.86317, 39.129919 ], [ -104.862323, 39.129934 ], [ -104.860757, 39.12993 ], [ -104.857784, 39.129923 ], [ -104.856881, 39.129921 ], [ -104.854751, 39.129981 ], [ -104.849109, 39.13001 ], [ -104.843465, 39.129944 ], [ -104.835007, 39.129847 ], [ -104.830585, 39.129764 ], [ -104.76987, 39.129661 ], [ -104.766571, 39.129674 ], [ -104.662483, 39.129529 ], [ -104.593699, 39.129417 ], [ -104.551765, 39.129427 ], [ -104.504886, 39.129527 ], [ -104.292375, 39.128736 ], [ -104.172249, 39.128418 ], [ -104.16704, 39.128534 ], [ -104.051568, 39.128138 ], [ -104.053439, 38.941081 ], [ -104.055528, 38.868868 ], [ -104.05426, 38.522392 ], [ -104.275471, 38.521133 ], [ -104.612424, 38.520162 ], [ -104.626137, 38.519957 ], [ -104.717994, 38.51956 ], [ -104.734088, 38.519631 ], [ -104.932949, 38.520286 ], [ -104.941533, 38.519569 ], [ -104.94213, 38.567541 ], [ -104.942502, 38.622518 ], [ -104.942521, 38.626549 ], [ -104.942205, 38.650133 ], [ -104.938961, 38.710524 ], [ -104.939754, 38.792274 ], [ -104.948775, 38.798559 ], [ -105.072184, 38.799382 ], [ -105.072457, 38.805007 ] ] ] ] } },
{ "type": "Feature", "properties": { "STATEFP": "08", "COUNTYFP": "093", "COUNTYNS": "00198162", "AFFGEOID": "0500000US08093", "GEOID": "08093", "NAME": "Park", "NAMELSAD": "Park County", "STUSPS": "CO", "STATE_NAME": "Colorado", "LSAD": "06", "ALAND": 5681165603, "AWATER": 43519329 }, "geometry": { "type": "MultiPolygon", "coordinates": [ [ [ [ -106.210173, 39.103918 ], [ -106.173847, 39.137076 ], [ -106.185526, 39.186587 ], [ -106.179274, 39.212288 ], [ -106.168304, 39.23072 ], [ -106.18512, 39.242694 ], [ -106.183709, 39.310283 ], [ -106.153573, 39.320418 ], [ -106.139926, 39.339553 ], [ -106.152943, 39.362761 ], [ -106.135529, 39.379546 ], [ -106.096791, 39.377896 ], [ -106.046317, 39.357434 ], [ -106.029651, 39.35986 ], [ -106.017619, 39.365503 ], [ -106.013851, 39.386898 ], [ -106.004012, 39.391058 ], [ -105.992856, 39.401859 ], [ -105.951698, 39.414619 ], [ -105.966786, 39.438035 ], [ -105.944155, 39.44091 ], [ -105.938663, 39.458498 ], [ -105.916523, 39.458091 ], [ -105.901835, 39.464248 ], [ -105.891974, 39.484173 ], [ -105.854117, 39.50452 ], [ -105.864681, 39.515065 ], [ -105.861662, 39.528605 ], [ -105.823206, 39.529953 ], [ -105.815807, 39.551976 ], [ -105.829662, 39.564865 ], [ -105.623875, 39.567036 ], [ -105.587986, 39.568197 ], [ -105.444922, 39.565988 ], [ -105.398949, 39.566056 ], [ -105.398518, 39.52475 ], [ -105.398116, 39.468464 ], [ -105.398341, 39.464173 ], [ -105.398051, 39.424159 ], [ -105.397881, 39.203277 ], [ -105.397759, 39.158624 ], [ -105.397875, 39.129564 ], [ -105.330382, 39.129474 ], [ -105.329472, 38.992853 ], [ -105.329862, 38.960751 ], [ -105.329146, 38.857516 ], [ -105.328962, 38.697558 ], [ -105.332849, 38.697229 ], [ -105.96975, 38.693551 ], [ -105.946185, 38.716724 ], [ -105.94786, 38.743823 ], [ -105.938063, 38.755212 ], [ -105.94454, 38.768105 ], [ -105.929289, 38.774547 ], [ -105.906759, 38.806815 ], [ -105.941625, 38.840174 ], [ -105.943174, 38.852307 ], [ -105.925123, 38.872178 ], [ -105.941238, 38.885592 ], [ -105.974297, 38.882458 ], [ -105.979418, 38.894533 ], [ -105.96577, 38.905876 ], [ -105.975083, 38.910089 ], [ -105.994449, 38.914858 ], [ -106.028138, 38.942849 ], [ -106.05825, 38.941805 ], [ -106.06591, 38.931896 ], [ -106.08532, 38.93946 ], [ -106.110995, 38.940099 ], [ -106.113757, 38.955327 ], [ -106.104379, 38.974141 ], [ -106.108953, 38.987377 ], [ -106.145414, 38.997899 ], [ -106.168534, 38.991249 ], [ -106.17947, 39.011249 ], [ -106.192616, 39.017348 ], [ -106.182501, 39.038551 ], [ -106.191006, 39.056073 ], [ -106.191246, 39.068448 ], [ -106.169663, 39.086417 ], [ -106.179218, 39.103463 ], [ -106.210173, 39.103918 ] ] ] ] } },
{ "type": "Feature", "properties": { "STATEFP": "08", "COUNTYFP": "119", "COUNTYNS": "00198175", "AFFGEOID": "0500000US08119", "GEOID": "08119", "NAME": "Teller", "NAMELSAD": "Teller County", "STUSPS": "CO", "STATE_NAME": "Colorado", "LSAD": "06", "ALAND": 1442988176, "AWATER": 4960197 }, "geometry": { "type": "MultiPolygon", "coordinates": [ [ [ [ -105.330382, 39.129474 ], [ -105.329445, 39.129487 ], [ -105.033573, 39.12971 ], [ -105.033577, 39.129783 ], [ -105.033473, 39.129783 ], [ -105.027905, 39.041859 ], [ -105.027139, 39.028954 ], [ -105.027275, 39.026401 ], [ -105.027514, 39.019571 ], [ -105.029945, 38.999632 ], [ -105.027056, 38.954881 ], [ -105.027082, 38.952004 ], [ -105.027212, 38.941615 ], [ -105.027342, 38.930811 ], [ -105.028633, 38.86873 ], [ -105.066441, 38.869177 ], [ -105.067423, 38.863998 ], [ -105.072457, 38.805007 ], [ -105.072184, 38.799382 ], [ -104.948775, 38.798559 ], [ -104.939754, 38.792274 ], [ -104.938961, 38.710524 ], [ -104.942205, 38.650133 ], [ -104.942425, 38.650159 ], [ -105.049799, 38.652404 ], [ -105.109887, 38.647773 ], [ -105.19042, 38.648153 ], [ -105.239927, 38.647464 ], [ -105.237043, 38.697267 ], [ -105.328962, 38.697558 ], [ -105.329146, 38.857516 ], [ -105.329862, 38.960751 ], [ -105.329472, 38.992853 ], [ -105.330382, 39.129474 ] ] ] ] } },
{ "type": "Feature", "properties": { "STATEFP": "08", "COUNTYFP": "075", "COUNTYNS": "00198153", "AFFGEOID": "0500000US08075", "GEOID": "08075", "NAME": "Logan", "NAMELSAD": "Logan County", "STUSPS": "CO", "STATE_NAME": "Colorado", "LSAD": "06", "ALAND": 4761949509, "AWATER": 16363553 }, "geometry": { "type": "MultiPolygon", "coordinates": [ [ [ [ -103.574301, 40.702018 ], [ -103.573727, 40.891094 ], [ -103.573773995351999, 41.001720165379197 ], [ -103.497447, 41.001635 ], [ -103.486697, 41.001914 ], [ -103.421975, 41.002007 ], [ -103.421925, 41.001969 ], [ -103.396991, 41.002558 ], [ -103.382492446889003, 41.00223211782 ], [ -103.365314, 41.001846 ], [ -103.362979, 41.001844 ], [ -103.077804, 41.002298 ], [ -103.076536, 41.002253 ], [ -103.059538, 41.002368 ], [ -103.057998, 41.002368 ], [ -103.043444, 41.002344 ], [ -103.038704, 41.002251 ], [ -103.002026, 41.002486 ], [ -103.000102, 41.0024 ], [ -102.98269, 41.002157 ], [ -102.981483, 41.002112 ], [ -102.963669, 41.002186 ], [ -102.962522, 41.002072 ], [ -102.960706, 41.002059 ], [ -102.959624, 41.002095 ], [ -102.94483, 41.002303 ], [ -102.943109, 41.002051 ], [ -102.925568, 41.00228 ], [ -102.924029, 41.002142 ], [ -102.906547, 41.002276 ], [ -102.904796, 41.002207 ], [ -102.887407, 41.002178 ], [ -102.885746, 41.002131 ], [ -102.867822, 41.002183 ], [ -102.865784, 41.001988 ], [ -102.849263, 41.002301 ], [ -102.846455, 41.002256 ], [ -102.830303, 41.002351 ], [ -102.82728, 41.002143 ], [ -102.773546, 41.002414 ], [ -102.766723, 41.002275 ], [ -102.754617, 41.002361 ], [ -102.739624, 41.00223 ], [ -102.653463, 41.002332 ], [ -102.652114, 40.884632 ], [ -102.65131, 40.749402 ], [ -102.65088, 40.70534 ], [ -102.664689, 40.705189 ], [ -102.664804, 40.438473 ], [ -102.77996, 40.438446 ], [ -103.0835, 40.436788 ], [ -103.226558, 40.436087 ], [ -103.465377, 40.436346 ], [ -103.4672, 40.523253 ], [ -103.581844, 40.523383 ], [ -103.574301, 40.702018 ] ] ] ] } },
{ "type": "Feature", "properties": { "STATEFP": "08", "COUNTYFP": "077", "COUNTYNS": "00198154", "AFFGEOID": "0500000US08077", "GEOID": "08077", "NAME": "Mesa", "NAMELSAD": "Mesa County", "STUSPS": "CO", "STATE_NAME": "Colorado", "LSAD": "06", "ALAND": 8621348059, "AWATER": 31991710 }, "geometry": { "type": "MultiPolygon", "coordinates": [ [ [ [ -109.060253, 38.599328 ], [ -109.059541, 38.719888 ], [ -109.057388, 38.795456 ], [ -109.054189, 38.874984 ], [ -109.053943, 38.904414 ], [ -109.053797, 38.905284 ], [ -109.053233, 38.942467 ], [ -109.053292, 38.942878 ], [ -109.052436, 38.999985 ], [ -109.051582259726999, 39.116505763904399 ], [ -109.051512, 39.126095 ], [ -109.050765, 39.366677 ], [ -108.570171, 39.366488 ], [ -108.375643, 39.366635 ], [ -108.36774, 39.366122 ], [ -107.884138, 39.366195 ], [ -107.753513, 39.366245 ], [ -107.430949, 39.366178 ], [ -107.430514, 39.348222 ], [ -107.465187, 39.314515 ], [ -107.412606, 39.291877 ], [ -107.398513, 39.29511 ], [ -107.379175, 39.269101 ], [ -107.394486, 39.256299 ], [ -107.428073, 39.257596 ], [ -107.430261, 39.240541 ], [ -107.451075, 39.230673 ], [ -107.484393, 39.235217 ], [ -107.500606, 39.217916 ], [ -107.509835, 39.216555 ], [ -107.543455, 39.194401 ], [ -107.543364, 39.181925 ], [ -107.567423, 39.181397 ], [ -107.593877, 39.16482 ], [ -107.637893, 39.14202 ], [ -107.659818, 39.112548 ], [ -107.680815, 39.100256 ], [ -107.689556, 39.087171 ], [ -107.713237, 39.08009 ], [ -107.721624, 39.065255 ], [ -107.737988, 39.06616 ], [ -107.76549, 39.043294 ], [ -107.776018, 39.047783 ], [ -107.792277, 39.060511 ], [ -107.84001, 39.077168 ], [ -107.858888, 39.080112 ], [ -107.875626, 39.070764 ], [ -107.951221, 39.059702 ], [ -107.982173, 39.059878 ], [ -107.987204, 39.052876 ], [ -108.032022, 39.027322 ], [ -108.036119, 39.01718 ], [ -108.053779, 39.014052 ], [ -108.069963, 38.996592 ], [ -108.094786, 38.979684 ], [ -108.08686, 38.967804 ], [ -108.120793, 38.927209 ], [ -108.137741, 38.926052 ], [ -108.141122, 38.906484 ], [ -108.16631, 38.902245 ], [ -108.176988, 38.895315 ], [ -108.230404, 38.877773 ], [ -108.378953, 38.829108 ], [ -108.378698, 38.668097 ], [ -108.379136, 38.499987 ], [ -108.583682, 38.499988 ], [ -109.059962, 38.499987 ], [ -109.059962121447995, 38.500028459545 ], [ -109.060253, 38.599328 ] ] ] ] } },
{ "type": "Feature", "properties": { "STATEFP": "08", "COUNTYFP": "099", "COUNTYNS": "00198165", "AFFGEOID": "0500000US08099", "GEOID": "08099", "NAME": "Prowers", "NAMELSAD": "Prowers County", "STUSPS": "CO", "STATE_NAME": "Colorado", "LSAD": "06", "ALAND": 4243457243, "AWATER": 15317423 }, "geometry": { "type": "MultiPolygon", "coordinates": [ [ [ [ -102.747708, 37.823451 ], [ -102.740464, 37.824064 ], [ -102.741678, 38.096982 ], [ -102.74233, 38.266971 ], [ -102.47975, 38.26793 ], [ -102.211067, 38.268169 ], [ -102.044567368214999, 38.268749117200699 ], [ -102.044510072920005, 38.262411583471803 ], [ -102.044398, 38.250015 ], [ -102.044251, 38.141778 ], [ -102.044589, 38.125013 ], [ -102.044255, 38.113011 ], [ -102.044644, 38.045532 ], [ -102.043844, 37.928102 ], [ -102.043845, 37.926135 ], [ -102.043219, 37.867929 ], [ -102.043033, 37.824146 ], [ -102.042953, 37.803535 ], [ -102.042668, 37.788758 ], [ -102.042158, 37.760164 ], [ -102.041989965862996, 37.738540628373599 ], [ -102.041876, 37.723875 ], [ -102.041574, 37.680436 ], [ -102.041694, 37.665681 ], [ -102.041582, 37.654495 ], [ -102.041585, 37.644282 ], [ -102.25572, 37.644151 ], [ -102.539999, 37.643734 ], [ -102.712666, 37.64359 ], [ -102.747615, 37.643642 ], [ -102.747708, 37.823451 ] ] ] ] } },
{ "type": "Feature", "properties": { "STATEFP": "08", "COUNTYFP": "103", "COUNTYNS": "00198167", "AFFGEOID": "0500000US08103", "GEOID": "08103", "NAME": "Rio Blanco", "NAMELSAD": "Rio Blanco County", "STUSPS": "CO", "STATE_NAME": "Colorado", "LSAD": "06", "ALAND": 8342275014, "AWATER": 4868111 }, "geometry": { "type": "MultiPolygon", "coordinates": [ [ [ [ -109.050615, 39.87497 ], [ -109.050873, 40.058915 ], [ -109.050813, 40.059579 ], [ -109.050935718229994, 40.173054017608003 ], [ -109.050944, 40.180712 ], [ -109.050973, 40.180849 ], [ -109.050968717402, 40.222647002020203 ], [ -108.216503, 40.221762 ], [ -107.764545, 40.223701 ], [ -107.612094, 40.223651 ], [ -107.495618, 40.219991 ], [ -107.44108, 40.220438 ], [ -107.439386, 40.223379 ], [ -107.042785, 40.225374 ], [ -107.037923, 40.224766 ], [ -107.037363, 40.091538 ], [ -107.316993, 40.090765 ], [ -107.319247, 40.003765 ], [ -107.318751, 39.914968 ], [ -107.431665, 39.917725 ], [ -107.43177, 39.828377 ], [ -107.476532, 39.828267 ], [ -107.578378, 39.82874 ], [ -107.694229, 39.830107 ], [ -107.787206, 39.825047 ], [ -107.938502, 39.824996 ], [ -107.938571, 39.701611 ], [ -107.938546, 39.694464 ], [ -108.554707, 39.687779 ], [ -108.554627, 39.650164 ], [ -108.895728, 39.650337 ], [ -108.895704, 39.660487 ], [ -109.051040251033996, 39.660470649351801 ], [ -109.050615, 39.87497 ] ] ] ] } },
{ "type": "Feature", "properties": { "STATEFP": "08", "COUNTYFP": "111", "COUNTYNS": "00198171", "AFFGEOID": "0500000US08111", "GEOID": "08111", "NAME": "San Juan", "NAMELSAD": "San Juan County", "STUSPS": "CO", "STATE_NAME": "Colorado", "LSAD": "06", "ALAND": 1003660672, "AWATER": 2035929 }, "geometry": { "type": "MultiPolygon", "coordinates": [ [ [ [ -107.957078, 37.648894 ], [ -107.96942, 37.679232 ], [ -107.968875, 37.696485 ], [ -107.952628, 37.706788 ], [ -107.937206, 37.702562 ], [ -107.901349, 37.719002 ], [ -107.872966, 37.722416 ], [ -107.875622, 37.738851 ], [ -107.861912, 37.756024 ], [ -107.870481, 37.762762 ], [ -107.860845, 37.775517 ], [ -107.840852, 37.774139 ], [ -107.822201, 37.795546 ], [ -107.828521, 37.811858 ], [ -107.796447, 37.822725 ], [ -107.779099, 37.849775 ], [ -107.782459, 37.867772 ], [ -107.76092, 37.877557 ], [ -107.738283, 37.905432 ], [ -107.695665, 37.89241 ], [ -107.663756, 37.903517 ], [ -107.637926, 37.920859 ], [ -107.641588, 37.965009 ], [ -107.568875, 37.965015 ], [ -107.563369, 37.955937 ], [ -107.532593, 37.943905 ], [ -107.535902, 37.920123 ], [ -107.520167, 37.901312 ], [ -107.533444, 37.888077 ], [ -107.536021, 37.873914 ], [ -107.517859, 37.856978 ], [ -107.516547, 37.826451 ], [ -107.49031, 37.824275 ], [ -107.468843, 37.809726 ], [ -107.458114, 37.782096 ], [ -107.46908, 37.765482 ], [ -107.482245, 37.768353 ], [ -107.482179, 37.639501 ], [ -107.591984, 37.639629 ], [ -107.80612, 37.640147 ], [ -107.926131, 37.639784 ], [ -107.970086, 37.639587 ], [ -107.957078, 37.648894 ] ] ] ] } },
{ "type": "Feature", "properties": { "STATEFP": "08", "COUNTYFP": "027", "COUNTYNS": "00198129", "AFFGEOID": "0500000US08027", "GEOID": "08027", "NAME": "Custer", "NAMELSAD": "Custer County", "STUSPS": "CO", "STATE_NAME": "Colorado", "LSAD": "06", "ALAND": 1913031975, "AWATER": 3364150 }, "geometry": { "type": "MultiPolygon", "coordinates": [ [ [ [ -105.796897, 38.265047 ], [ -105.612555, 38.264871 ], [ -105.368889, 38.259399 ], [ -105.304045, 38.258225 ], [ -105.279202, 38.258661 ], [ -105.262914, 38.259048 ], [ -105.049215, 38.257973 ], [ -105.048287, 38.127773 ], [ -105.050678, 38.113824 ], [ -105.049978, 37.985701 ], [ -105.049917, 37.915479 ], [ -105.0632, 37.916976 ], [ -105.066056, 37.944209 ], [ -105.084383, 37.955384 ], [ -105.108507, 37.943399 ], [ -105.125975, 37.95117 ], [ -105.139501, 37.984607 ], [ -105.152491, 37.992113 ], [ -105.147948, 38.005392 ], [ -105.168652, 38.018946 ], [ -105.194586, 38.00756 ], [ -105.197073, 37.992416 ], [ -105.213153, 37.981031 ], [ -105.215366, 37.97052 ], [ -105.23856, 37.96284 ], [ -105.261842, 37.925637 ], [ -105.283224, 37.899993 ], [ -105.297431, 37.909349 ], [ -105.306574, 37.932292 ], [ -105.317081, 37.938949 ], [ -105.347209, 37.924759 ], [ -105.377088, 37.916102 ], [ -105.413635, 37.890527 ], [ -105.440272, 37.897461 ], [ -105.473204, 37.89597 ], [ -105.502273, 37.92295 ], [ -105.511086, 37.939131 ], [ -105.533315, 37.955182 ], [ -105.560311, 37.951886 ], [ -105.583922, 37.967196 ], [ -105.581522, 37.975225 ], [ -105.604355, 38.008745 ], [ -105.597112, 38.013638 ], [ -105.627206, 38.06731 ], [ -105.655856, 38.092291 ], [ -105.662654, 38.119158 ], [ -105.67627, 38.146173 ], [ -105.673042, 38.159126 ], [ -105.700414, 38.16918 ], [ -105.736738, 38.209561 ], [ -105.789761, 38.24436 ], [ -105.796897, 38.265047 ] ] ] ] } },
{ "type": "Feature", "properties": { "STATEFP": "08", "COUNTYFP": "043", "COUNTYNS": "00198137", "AFFGEOID": "0500000US08043", "GEOID": "08043", "NAME": "Fremont", "NAMELSAD": "Fremont County", "STUSPS": "CO", "STATE_NAME": "Colorado", "LSAD": "06", "ALAND": 3972613671, "AWATER": 2235542 }, "geometry": { "type": "MultiPolygon", "coordinates": [ [ [ [ -106.010751, 38.446566 ], [ -105.938188, 38.503349 ], [ -105.908717, 38.505631 ], [ -105.90376, 38.547982 ], [ -105.885429, 38.561312 ], [ -105.89249, 38.573289 ], [ -105.878545, 38.605232 ], [ -105.887149, 38.621329 ], [ -105.915665, 38.630048 ], [ -105.907912, 38.650939 ], [ -105.925484, 38.666365 ], [ -105.926213, 38.679907 ], [ -105.945309, 38.690228 ], [ -105.96975, 38.693551 ], [ -105.332849, 38.697229 ], [ -105.328962, 38.697558 ], [ -105.237043, 38.697267 ], [ -105.239927, 38.647464 ], [ -105.19042, 38.648153 ], [ -105.109887, 38.647773 ], [ -105.049799, 38.652404 ], [ -104.942425, 38.650159 ], [ -104.942205, 38.650133 ], [ -104.942521, 38.626549 ], [ -104.942502, 38.622518 ], [ -104.94213, 38.567541 ], [ -104.941533, 38.519569 ], [ -104.940902, 38.417833 ], [ -104.940889, 38.372026 ], [ -104.940749, 38.337889 ], [ -104.940746, 38.3373 ], [ -104.940366, 38.258275 ], [ -105.049215, 38.257973 ], [ -105.262914, 38.259048 ], [ -105.279202, 38.258661 ], [ -105.304045, 38.258225 ], [ -105.368889, 38.259399 ], [ -105.612555, 38.264871 ], [ -105.796897, 38.265047 ], [ -105.818973, 38.273597 ], [ -105.84278, 38.293226 ], [ -105.858315, 38.298359 ], [ -105.876376, 38.315951 ], [ -105.888766, 38.340811 ], [ -105.919851, 38.367156 ], [ -105.944637, 38.378638 ], [ -105.947606, 38.390526 ], [ -105.98395, 38.41999 ], [ -105.996768, 38.420303 ], [ -106.012751, 38.440123 ], [ -106.010751, 38.446566 ] ] ] ] } },
{ "type": "Feature", "properties": { "STATEFP": "08", "COUNTYFP": "091", "COUNTYNS": "00198161", "AFFGEOID": "0500000US08091", "GEOID": "08091", "NAME": "Ouray", "NAMELSAD": "Ouray County", "STUSPS": "CO", "STATE_NAME": "Colorado", "LSAD": "06", "ALAND": 1400332623, "AWATER": 3986292 }, "geometry": { "type": "MultiPolygon", "coordinates": [ [ [ [ -108.13238, 38.331573 ], [ -107.783127, 38.332232 ], [ -107.635697, 38.332148 ], [ -107.63504, 38.301896 ], [ -107.61157, 38.260827 ], [ -107.588821, 38.249588 ], [ -107.580978, 38.212685 ], [ -107.56219, 38.158204 ], [ -107.56862, 38.147267 ], [ -107.574245, 38.136009 ], [ -107.564733, 38.127906 ], [ -107.565394, 38.098868 ], [ -107.553585, 38.0792 ], [ -107.533262, 38.080059 ], [ -107.51088, 38.060877 ], [ -107.539856, 38.027109 ], [ -107.537975, 38.008919 ], [ -107.549254, 37.99848 ], [ -107.573888, 38.006379 ], [ -107.591367, 37.992252 ], [ -107.588221, 37.970312 ], [ -107.568875, 37.965015 ], [ -107.641588, 37.965009 ], [ -107.637926, 37.920859 ], [ -107.663756, 37.903517 ], [ -107.695665, 37.89241 ], [ -107.738283, 37.905432 ], [ -107.733307, 37.926947 ], [ -107.735402, 37.931941 ], [ -107.748897, 37.953116 ], [ -107.778675, 37.960948 ], [ -107.795469, 37.98852 ], [ -107.84908, 37.992608 ], [ -107.849131, 38.008599 ], [ -107.8833, 38.007371 ], [ -107.889716, 38.011615 ], [ -107.900193, 38.026249 ], [ -107.888208, 38.045812 ], [ -107.893774, 38.057742 ], [ -107.891469, 38.115957 ], [ -107.951574, 38.116125 ], [ -107.951717, 38.144982 ], [ -107.965789, 38.152328 ], [ -107.946963, 38.152491 ], [ -107.938145, 38.173936 ], [ -107.937588, 38.218992 ], [ -107.984184, 38.233936 ], [ -107.984084, 38.248386 ], [ -108.011531, 38.255261 ], [ -108.086604, 38.255202 ], [ -108.086691, 38.275748 ], [ -108.08635, 38.284334 ], [ -108.104161, 38.284179 ], [ -108.104819, 38.313718 ], [ -108.123269, 38.313635 ], [ -108.13238, 38.331573 ] ] ] ] } },
{ "type": "Feature", "properties": { "STATEFP": "08", "COUNTYFP": "045", "COUNTYNS": "00198138", "AFFGEOID": "0500000US08045", "GEOID": "08045", "NAME": "Garfield", "NAMELSAD": "Garfield County", "STUSPS": "CO", "STATE_NAME": "Colorado", "LSAD": "06", "ALAND": 7633799008, "AWATER": 21704895 }, "geometry": { "type": "MultiPolygon", "coordinates": [ [ [ [ -109.051362941958999, 39.497703276010597 ], [ -109.051040251033996, 39.660470649351801 ], [ -108.895704, 39.660487 ], [ -108.895728, 39.650337 ], [ -108.554627, 39.650164 ], [ -108.554707, 39.687779 ], [ -107.938546, 39.694464 ], [ -107.938571, 39.701611 ], [ -107.938502, 39.824996 ], [ -107.787206, 39.825047 ], [ -107.694229, 39.830107 ], [ -107.578378, 39.82874 ], [ -107.476532, 39.828267 ], [ -107.43177, 39.828377 ], [ -107.431665, 39.917725 ], [ -107.318751, 39.914968 ], [ -107.319247, 40.003765 ], [ -107.316993, 40.090765 ], [ -107.037363, 40.091538 ], [ -107.037359, 40.003081 ], [ -107.03205, 40.002939 ], [ -107.033968, 39.918913 ], [ -107.113672, 39.919112 ], [ -107.113872, 39.62489 ], [ -107.113867, 39.624566 ], [ -107.113864, 39.624201 ], [ -107.113643, 39.487268 ], [ -107.113584, 39.421304 ], [ -107.113609, 39.401589 ], [ -107.113446, 39.366066 ], [ -107.347619, 39.366067 ], [ -107.426746, 39.366168 ], [ -107.430949, 39.366178 ], [ -107.753513, 39.366245 ], [ -107.884138, 39.366195 ], [ -108.36774, 39.366122 ], [ -108.375643, 39.366635 ], [ -108.570171, 39.366488 ], [ -109.050765, 39.366677 ], [ -109.051363, 39.497674 ], [ -109.051362941958999, 39.497703276010597 ] ] ] ] } },
{ "type": "Feature", "properties": { "STATEFP": "08", "COUNTYFP": "063", "COUNTYNS": "00198147", "AFFGEOID": "0500000US08063", "GEOID": "08063", "NAME": "Kit Carson", "NAMELSAD": "Kit Carson County", "STUSPS": "CO", "STATE_NAME": "Colorado", "LSAD": "06", "ALAND": 5596501950, "AWATER": 2251929 }, "geometry": { "type": "MultiPolygon", "coordinates": [ [ [ [ -103.163072, 39.127991 ], [ -103.155253, 39.127984 ], [ -103.154376, 39.565654 ], [ -102.802932, 39.567841 ], [ -102.570862, 39.569294 ], [ -102.552028, 39.570639 ], [ -102.430431, 39.570816 ], [ -102.425651, 39.570664 ], [ -102.049806, 39.574058 ], [ -102.049763830217003, 39.568180000858 ], [ -102.049554, 39.538932 ], [ -102.049673, 39.536691 ], [ -102.049679, 39.506183 ], [ -102.049369, 39.423333 ], [ -102.04937, 39.41821 ], [ -102.049167, 39.403597 ], [ -102.04896, 39.373712 ], [ -102.048449, 39.303138 ], [ -102.04725, 39.13702 ], [ -102.047188609269, 39.1331465624163 ], [ -102.047134, 39.129701 ], [ -102.046571, 39.047038 ], [ -102.367732, 39.045625 ], [ -102.409929, 39.044151 ], [ -102.715766, 39.038675 ], [ -102.72411, 39.040199 ], [ -103.163025, 39.03761 ], [ -103.163072, 39.127991 ] ] ] ] } },
{ "type": "Feature", "properties": { "STATEFP": "08", "COUNTYFP": "081", "COUNTYNS": "00198156", "AFFGEOID": "0500000US08081", "GEOID": "08081", "NAME": "Moffat", "NAMELSAD": "Moffat County", "STUSPS": "CO", "STATE_NAME": "Colorado", "LSAD": "06", "ALAND": 12284943822, "AWATER": 19803411 }, "geometry": { "type": "MultiPolygon", "coordinates": [ [ [ [ -109.050946, 40.444368 ], [ -109.050314, 40.495092 ], [ -109.050698, 40.499963 ], [ -109.049955, 40.539901 ], [ -109.050074, 40.540358 ], [ -109.048044, 40.619231 ], [ -109.048249, 40.653601 ], [ -109.048372974241005, 40.662608858969001 ], [ -109.049088, 40.714562 ], [ -109.048455, 40.826081 ], [ -109.050076, 41.000659 ], [ -108.884138, 41.000094 ], [ -108.631108, 41.000156 ], [ -108.526667, 40.999608 ], [ -108.500659, 41.000112 ], [ -108.250649, 41.000114 ], [ -108.181227, 41.000455 ], [ -108.046539, 41.002064 ], [ -107.918421, 41.002036 ], [ -107.625624, 41.002124 ], [ -107.367443, 41.003073 ], [ -107.317793899405004, 41.002967212167498 ], [ -107.314153, 40.600281 ], [ -107.368621, 40.600298 ], [ -107.371328, 40.542399 ], [ -107.428813, 40.542207 ], [ -107.428752, 40.52681 ], [ -107.429345, 40.440771 ], [ -107.432068, 40.334879 ], [ -107.442594, 40.334755 ], [ -107.439386, 40.223379 ], [ -107.44108, 40.220438 ], [ -107.495618, 40.219991 ], [ -107.612094, 40.223651 ], [ -107.764545, 40.223701 ], [ -108.216503, 40.221762 ], [ -109.050968717402, 40.222647002020203 ], [ -109.050946, 40.444368 ] ] ] ] } },
{ "type": "Feature", "properties": { "STATEFP": "08", "COUNTYFP": "105", "COUNTYNS": "00198168", "AFFGEOID": "0500000US08105", "GEOID": "08105", "NAME": "Rio Grande", "NAMELSAD": "Rio Grande County", "STUSPS": "CO", "STATE_NAME": "Colorado", "LSAD": "06", "ALAND": 2361956083, "AWATER": 984295 }, "geometry": { "type": "MultiPolygon", "coordinates": [ [ [ [ -106.711624, 37.664273 ], [ -106.695638, 37.664271 ], [ -106.693845, 37.835244 ], [ -106.587139, 37.834426 ], [ -106.586374, 37.747809 ], [ -106.252612, 37.74811 ], [ -106.038413, 37.748353 ], [ -106.039299, 37.576986 ], [ -106.039331, 37.400852 ], [ -106.148866, 37.4011 ], [ -106.487968, 37.39935 ], [ -106.48797, 37.401585 ], [ -106.678373, 37.403596 ], [ -106.710775, 37.404228 ], [ -106.711624, 37.664273 ] ] ] ] } },
{ "type": "Feature", "properties": { "STATEFP": "08", "COUNTYFP": "025", "COUNTYNS": "00198128", "AFFGEOID": "0500000US08025", "GEOID": "08025", "NAME": "Crowley", "NAMELSAD": "Crowley County", "STUSPS": "CO", "STATE_NAME": "Colorado", "LSAD": "06", "ALAND": 2039427872, "AWATER": 33422981 }, "geometry": { "type": "MultiPolygon", "coordinates": [ [ [ [ -104.054725, 38.261889 ], [ -104.053921, 38.522393 ], [ -103.61299, 38.522548 ], [ -103.612983, 38.517879 ], [ -103.504666, 38.516409 ], [ -103.506985, 38.342256 ], [ -103.501764, 38.265016 ], [ -103.509364, 38.172514 ], [ -103.619283, 38.171455 ], [ -103.619172, 38.113355 ], [ -103.673731, 38.112906 ], [ -103.74764, 38.113077 ], [ -103.803033, 38.112533 ], [ -103.835616, 38.11334 ], [ -103.861981, 38.127134 ], [ -103.900662, 38.125409 ], [ -103.906194, 38.13486 ], [ -103.91098, 38.126563 ], [ -103.948232, 38.128158 ], [ -103.974378, 38.132119 ], [ -103.993246, 38.146353 ], [ -104.022159, 38.140951 ], [ -104.058242, 38.146492 ], [ -104.054725, 38.261889 ] ] ] ] } },
{ "type": "Feature", "properties": { "STATEFP": "08", "COUNTYFP": "101", "COUNTYNS": "00198166", "AFFGEOID": "0500000US08101", "GEOID": "08101", "NAME": "Pueblo", "NAMELSAD": "Pueblo County", "STUSPS": "CO", "STATE_NAME": "Colorado", "LSAD": "06", "ALAND": 6181242833, "AWATER": 28941249 }, "geometry": { "type": "MultiPolygon", "coordinates": [ [ [ [ -105.050678, 38.113824 ], [ -105.048287, 38.127773 ], [ -105.049215, 38.257973 ], [ -104.940366, 38.258275 ], [ -104.940746, 38.3373 ], [ -104.940749, 38.337889 ], [ -104.940889, 38.372026 ], [ -104.940902, 38.417833 ], [ -104.941533, 38.519569 ], [ -104.932949, 38.520286 ], [ -104.734088, 38.519631 ], [ -104.717994, 38.51956 ], [ -104.626137, 38.519957 ], [ -104.612424, 38.520162 ], [ -104.275471, 38.521133 ], [ -104.05426, 38.522392 ], [ -104.053921, 38.522393 ], [ -104.054725, 38.261889 ], [ -104.058242, 38.146492 ], [ -104.059077, 38.093608 ], [ -104.059374, 37.875009 ], [ -104.061132, 37.734704 ], [ -104.351109, 37.817488 ], [ -104.572023, 37.87968 ], [ -104.646383, 37.900527 ], [ -105.013729, 37.881271 ], [ -105.034803, 37.894583 ], [ -105.031573, 37.904147 ], [ -105.049917, 37.915479 ], [ -105.049978, 37.985701 ], [ -105.050678, 38.113824 ] ] ] ] } },
{ "type": "Feature", "properties": { "STATEFP": "08", "COUNTYFP": "071", "COUNTYNS": "00198151", "AFFGEOID": "0500000US08071", "GEOID": "08071", "NAME": "Las Animas", "NAMELSAD": "Las Animas County", "STUSPS": "CO", "STATE_NAME": "Colorado", "LSAD": "06", "ALAND": 12361852648, "AWATER": 6929970 }, "geometry": { "type": "MultiPolygon", "coordinates": [ [ [ [ -105.154176, 37.293129 ], [ -105.115425, 37.296294 ], [ -105.09216, 37.315352 ], [ -105.036415, 37.341657 ], [ -105.028372, 37.339511 ], [ -105.023523, 37.356932 ], [ -105.012859, 37.35839 ], [ -104.995505, 37.375551 ], [ -104.971228, 37.376243 ], [ -104.946736, 37.391446 ], [ -104.911149, 37.393937 ], [ -104.88426, 37.385817 ], [ -104.838287, 37.398675 ], [ -104.826668, 37.395651 ], [ -104.803718, 37.402935 ], [ -104.748938, 37.407029 ], [ -104.711355, 37.437477 ], [ -104.695075, 37.439915 ], [ -104.699931, 37.469838 ], [ -104.689702, 37.494419 ], [ -104.670427, 37.495015 ], [ -104.669922, 37.494975 ], [ -104.649229, 37.49532 ], [ -104.627653, 37.510902 ], [ -104.620338, 37.530053 ], [ -104.548652, 37.5747 ], [ -104.548417, 37.609424 ], [ -104.45493, 37.740839 ], [ -104.456723, 37.74788 ], [ -104.375527, 37.798588 ], [ -104.351109, 37.817488 ], [ -104.061132, 37.734704 ], [ -104.059188, 37.726203 ], [ -104.058196, 37.644049 ], [ -103.404339, 37.643576 ], [ -103.075938, 37.64342 ], [ -103.074663, 37.381754 ], [ -103.082537, 37.381613 ], [ -103.086102011771004, 37.000173863231304 ], [ -103.155922, 37.000232 ], [ -103.733247, 36.998016 ], [ -103.734364, 36.998041 ], [ -104.007855, 36.996239 ], [ -104.250536, 36.994644 ], [ -104.338833, 36.993535 ], [ -104.433987103926995, 36.993656827461997 ], [ -104.480578185032996, 36.9937164788373 ], [ -104.480592108, 36.993716496663097 ], [ -104.519257, 36.993766 ], [ -104.624556, 36.994377 ], [ -104.625545, 36.993599 ], [ -104.645029, 36.993378 ], [ -104.732031, 36.993447 ], [ -104.73212, 36.993484 ], [ -105.000554, 36.993264 ], [ -105.029228, 36.992729 ], [ -105.1208, 36.995428 ], [ -105.136447566708, 36.995387396874399 ], [ -105.155042271642003, 36.995339146360102 ], [ -105.154176, 37.293129 ] ] ] ] } },
{ "type": "Feature", "properties": { "STATEFP": "08", "COUNTYFP": "009", "COUNTYNS": "00198120", "AFFGEOID": "0500000US08009", "GEOID": "08009", "NAME": "Baca", "NAMELSAD": "Baca County", "STUSPS": "CO", "STATE_NAME": "Colorado", "LSAD": "06", "ALAND": 6617400566, "AWATER": 6142192 }, "geometry": { "type": "MultiPolygon", "coordinates": [ [ [ [ -103.082537, 37.381613 ], [ -103.074663, 37.381754 ], [ -103.075938, 37.64342 ], [ -103.024042, 37.644363 ], [ -102.747615, 37.643642 ], [ -102.712666, 37.64359 ], [ -102.539999, 37.643734 ], [ -102.25572, 37.644151 ], [ -102.041585, 37.644282 ], [ -102.041618, 37.607868 ], [ -102.041894, 37.557977 ], [ -102.041899, 37.541186 ], [ -102.042016, 37.535261 ], [ -102.041786, 37.506066 ], [ -102.041801, 37.469488 ], [ -102.041755, 37.434855 ], [ -102.041669, 37.43474 ], [ -102.041676, 37.409898 ], [ -102.041585760592994, 37.389190430803197 ], [ -102.041524, 37.375018 ], [ -102.042089, 37.352819 ], [ -102.041974, 37.352613 ], [ -102.041817, 37.30949 ], [ -102.041664, 37.29765 ], [ -102.041963, 37.258164 ], [ -102.042002, 37.141744 ], [ -102.042135, 37.125021 ], [ -102.042092, 37.125021 ], [ -102.041809, 37.111973 ], [ -102.041983, 37.106551 ], [ -102.04192, 37.035083 ], [ -102.041749, 37.034397 ], [ -102.041921, 37.032178 ], [ -102.04195, 37.030805 ], [ -102.041952, 37.024742 ], [ -102.04224, 36.993083 ], [ -102.054503, 36.993109 ], [ -102.184271, 36.993593 ], [ -102.208316, 36.99373 ], [ -102.260789, 36.994388 ], [ -102.355288, 36.994506 ], [ -102.355367, 36.994575 ], [ -102.698142, 36.995149 ], [ -102.74206, 36.997689 ], [ -102.759882, 36.998529 ], [ -102.778569, 36.999242 ], [ -102.799802, 36.999489 ], [ -102.817142, 36.999768 ], [ -102.841989, 36.999598 ], [ -102.979613, 36.998549 ], [ -102.985807, 36.998571 ], [ -102.986976, 36.998524 ], [ -103.002199, 37.000104 ], [ -103.086102011771004, 37.000173863231304 ], [ -103.082537, 37.381613 ] ] ] ] } },
{ "type": "Feature", "properties": { "STATEFP": "08", "COUNTYFP": "057", "COUNTYNS": "00198144", "AFFGEOID": "0500000US08057", "GEOID": "08057", "NAME": "Jackson", "NAMELSAD": "Jackson County", "STUSPS": "CO", "STATE_NAME": "Colorado", "LSAD": "06", "ALAND": 4179530231, "AWATER": 18750017 }, "geometry": { "type": "MultiPolygon", "coordinates": [ [ [ [ -106.870584, 40.981223 ], [ -106.850865, 40.991279 ], [ -106.857773, 41.002663 ], [ -106.453859, 41.002057 ], [ -106.439563, 41.001978 ], [ -106.437419, 41.001795 ], [ -106.43095, 41.001752 ], [ -106.391852, 41.001176 ], [ -106.386356, 41.001144 ], [ -106.321165, 40.999123 ], [ -106.217573, 40.997734 ], [ -106.190553863625993, 40.997607017384297 ], [ -106.195372, 40.989938 ], [ -106.184226, 40.955207 ], [ -106.187599, 40.937745 ], [ -106.16817, 40.918398 ], [ -106.136622, 40.901859 ], [ -106.126893, 40.869556 ], [ -106.108404, 40.863258 ], [ -106.108132, 40.852232 ], [ -106.087914, 40.833403 ], [ -106.064831, 40.821567 ], [ -106.047971, 40.804643 ], [ -106.045371, 40.791857 ], [ -106.029247, 40.773436 ], [ -106.0107, 40.741041 ], [ -105.99627, 40.733126 ], [ -105.988739, 40.709605 ], [ -105.972196, 40.694811 ], [ -105.971873, 40.681856 ], [ -105.948325, 40.641745 ], [ -105.942064, 40.609077 ], [ -105.930207, 40.60619 ], [ -105.921248, 40.572559 ], [ -105.910892, 40.56642 ], [ -105.90509, 40.535285 ], [ -105.907857, 40.515493 ], [ -105.869091, 40.520738 ], [ -105.852303, 40.506553 ], [ -105.854926, 40.486252 ], [ -105.891754, 40.476661 ], [ -105.899345, 40.465645 ], [ -105.903265, 40.432762 ], [ -105.897669, 40.417727 ], [ -105.905068, 40.398816 ], [ -105.920557, 40.4018 ], [ -105.946712, 40.377248 ], [ -105.938701, 40.366058 ], [ -105.954343, 40.360297 ], [ -105.959659, 40.348149 ], [ -105.986654, 40.364582 ], [ -106.010851, 40.3619 ], [ -106.018622, 40.373295 ], [ -106.08984, 40.350062 ], [ -106.09939, 40.354473 ], [ -106.134699, 40.335439 ], [ -106.149384, 40.331967 ], [ -106.174734, 40.343183 ], [ -106.196927, 40.325617 ], [ -106.217064, 40.32908 ], [ -106.230074, 40.323382 ], [ -106.251223, 40.340765 ], [ -106.265662, 40.36095 ], [ -106.291071, 40.358204 ], [ -106.29387, 40.337625 ], [ -106.305512, 40.3287 ], [ -106.337124, 40.33973 ], [ -106.353758, 40.357536 ], [ -106.370005, 40.357474 ], [ -106.389059, 40.346111 ], [ -106.423622, 40.352525 ], [ -106.44342, 40.346533 ], [ -106.474494, 40.387984 ], [ -106.478248, 40.404805 ], [ -106.489842, 40.411578 ], [ -106.526741, 40.384085 ], [ -106.531328, 40.366622 ], [ -106.556685, 40.377276 ], [ -106.594616, 40.383178 ], [ -106.612321, 40.379383 ], [ -106.62884, 40.422178 ], [ -106.652112, 40.445231 ], [ -106.667063, 40.476061 ], [ -106.657163, 40.483435 ], [ -106.653113, 40.494732 ], [ -106.680761, 40.544593 ], [ -106.702341, 40.578025 ], [ -106.694766, 40.592009 ], [ -106.706149, 40.616597 ], [ -106.680654, 40.649284 ], [ -106.691826, 40.659958 ], [ -106.681057, 40.675168 ], [ -106.686882, 40.683076 ], [ -106.668508, 40.694633 ], [ -106.676425, 40.735551 ], [ -106.662556, 40.744769 ], [ -106.669981, 40.760308 ], [ -106.636922, 40.789489 ], [ -106.638393, 40.817004 ], [ -106.663105, 40.827523 ], [ -106.654472, 40.845543 ], [ -106.685883, 40.885822 ], [ -106.704547, 40.876656 ], [ -106.739341, 40.870843 ], [ -106.740853, 40.8898 ], [ -106.77006, 40.896497 ], [ -106.780911, 40.907042 ], [ -106.800638, 40.895901 ], [ -106.825147, 40.932023 ], [ -106.828571, 40.924662 ], [ -106.852349, 40.925183 ], [ -106.869891, 40.95672 ], [ -106.870584, 40.981223 ] ] ] ] } },
{ "type": "Feature", "properties": { "STATEFP": "08", "COUNTYFP": "023", "COUNTYNS": "00198127", "AFFGEOID": "0500000US08023", "GEOID": "08023", "NAME": "Costilla", "NAMELSAD": "Costilla County", "STUSPS": "CO", "STATE_NAME": "Colorado", "LSAD": "06", "ALAND": 3179452300, "AWATER": 8828906 }, "geometry": { "type": "MultiPolygon", "coordinates": [ [ [ [ -105.770171, 37.061166 ], [ -105.740837, 37.103297 ], [ -105.749162, 37.112172 ], [ -105.748834, 37.135001 ], [ -105.731404, 37.156249 ], [ -105.738035, 37.165484 ], [ -105.729818, 37.180676 ], [ -105.745765, 37.218131 ], [ -105.746099, 37.247774 ], [ -105.720308, 37.285614 ], [ -105.729165, 37.304871 ], [ -105.738409, 37.30676 ], [ -105.749846, 37.350878 ], [ -105.743339, 37.356798 ], [ -105.496201, 37.564289 ], [ -105.485516, 37.577899 ], [ -105.454492, 37.590483 ], [ -105.442279, 37.611851 ], [ -105.4084, 37.618 ], [ -105.400312, 37.613415 ], [ -105.370305, 37.639396 ], [ -105.34856, 37.637758 ], [ -105.297623, 37.658143 ], [ -105.235978, 37.620773 ], [ -105.214232, 37.626324 ], [ -105.189993, 37.614103 ], [ -105.193237, 37.592168 ], [ -105.20377, 37.594449 ], [ -105.218433, 37.583496 ], [ -105.184017, 37.555841 ], [ -105.17132, 37.513246 ], [ -105.176683, 37.475594 ], [ -105.17537, 37.456288 ], [ -105.156185, 37.45709 ], [ -105.140526, 37.418129 ], [ -105.130585, 37.411655 ], [ -105.138567, 37.400691 ], [ -105.155169, 37.399636 ], [ -105.166418, 37.38877 ], [ -105.168906, 37.361514 ], [ -105.163096, 37.328909 ], [ -105.164559, 37.289117 ], [ -105.154176, 37.293129 ], [ -105.155042271642003, 36.995339146360102 ], [ -105.220506506712994, 36.995169276334401 ], [ -105.220613, 36.995169 ], [ -105.251296, 36.995605 ], [ -105.41931, 36.995856 ], [ -105.442459, 36.995994 ], [ -105.447255, 36.996017 ], [ -105.465182, 36.995991 ], [ -105.508836, 36.995895 ], [ -105.512485, 36.995777 ], [ -105.522324624049006, 36.995821982187699 ], [ -105.533922, 36.995875 ], [ -105.62747, 36.995679 ], [ -105.66472, 36.995874 ], [ -105.716471, 36.995849 ], [ -105.718469674138007, 36.995845920037503 ], [ -105.728471, 37.014982 ], [ -105.746517, 37.014768 ], [ -105.75195, 37.027943 ], [ -105.771391, 37.045725 ], [ -105.770171, 37.061166 ] ] ] ] } },
{ "type": "Feature", "properties": { "STATEFP": "08", "COUNTYFP": "069", "COUNTYNS": "00198150", "AFFGEOID": "0500000US08069", "GEOID": "08069", "NAME": "Larimer", "NAMELSAD": "Larimer County", "STUSPS": "CO", "STATE_NAME": "Colorado", "LSAD": "06", "ALAND": 6722952763, "AWATER": 99045889 }, "geometry": { "type": "MultiPolygon", "coordinates": [ [ [ [ -106.190553863625993, 40.997607017384297 ], [ -106.061181, 40.996999 ], [ -105.770562857290003, 40.996899713961398 ], [ -105.730421, 40.996886 ], [ -105.724804, 40.99691 ], [ -105.412718025681997, 40.997790488099497 ], [ -105.277138, 40.998173 ], [ -105.276859991921, 40.998173242790003 ], [ -105.256527, 40.998191 ], [ -105.254779, 40.99821 ], [ -104.943371, 40.998083723808897 ], [ -104.943127, 40.903405 ], [ -104.943337, 40.783294 ], [ -104.943543, 40.696509 ], [ -104.943103, 40.691525 ], [ -104.943484, 40.653219 ], [ -104.943862, 40.638777 ], [ -104.944095, 40.58809 ], [ -104.944112, 40.580938 ], [ -104.944108, 40.566251 ], [ -104.944135, 40.564112 ], [ -104.944258, 40.522768 ], [ -104.944164, 40.508104 ], [ -104.944096, 40.4793 ], [ -104.944116, 40.473495 ], [ -104.944116, 40.473375 ], [ -104.944427, 40.414196 ], [ -104.944562, 40.407348 ], [ -104.944568, 40.406964 ], [ -104.944605, 40.405309 ], [ -104.945551, 40.349099 ], [ -104.981291, 40.349164 ], [ -104.981677, 40.349165 ], [ -105.05672, 40.349281 ], [ -105.055135, 40.335183 ], [ -105.055326, 40.319905 ], [ -105.055166, 40.296766 ], [ -105.055089, 40.261793 ], [ -105.102451, 40.261367 ], [ -105.15906, 40.261219 ], [ -105.237319, 40.261895 ], [ -105.289445, 40.262785 ], [ -105.336248, 40.261685 ], [ -105.390996, 40.257884 ], [ -105.465394, 40.259357 ], [ -105.56174, 40.261507 ], [ -105.653321, 40.260457 ], [ -105.682428, 40.2728 ], [ -105.685772, 40.302554 ], [ -105.702235, 40.31261 ], [ -105.70168, 40.324309 ], [ -105.729088, 40.335278 ], [ -105.736345, 40.346615 ], [ -105.767699, 40.359764 ], [ -105.790729, 40.386263 ], [ -105.790951, 40.39864 ], [ -105.817266, 40.424323 ], [ -105.80569, 40.447882 ], [ -105.811053, 40.475773 ], [ -105.822463, 40.476829 ], [ -105.837823, 40.483033 ], [ -105.854926, 40.486252 ], [ -105.852303, 40.506553 ], [ -105.869091, 40.520738 ], [ -105.907857, 40.515493 ], [ -105.90509, 40.535285 ], [ -105.910892, 40.56642 ], [ -105.921248, 40.572559 ], [ -105.930207, 40.60619 ], [ -105.942064, 40.609077 ], [ -105.948325, 40.641745 ], [ -105.971873, 40.681856 ], [ -105.972196, 40.694811 ], [ -105.988739, 40.709605 ], [ -105.99627, 40.733126 ], [ -106.0107, 40.741041 ], [ -106.029247, 40.773436 ], [ -106.045371, 40.791857 ], [ -106.047971, 40.804643 ], [ -106.064831, 40.821567 ], [ -106.087914, 40.833403 ], [ -106.108132, 40.852232 ], [ -106.108404, 40.863258 ], [ -106.126893, 40.869556 ], [ -106.136622, 40.901859 ], [ -106.16817, 40.918398 ], [ -106.187599, 40.937745 ], [ -106.184226, 40.955207 ], [ -106.195372, 40.989938 ], [ -106.190553863625993, 40.997607017384297 ] ] ] ] } },
{ "type": "Feature", "properties": { "STATEFP": "08", "COUNTYFP": "021", "COUNTYNS": "00198126", "AFFGEOID": "0500000US08021", "GEOID": "08021", "NAME": "Conejos", "NAMELSAD": "Conejos County", "STUSPS": "CO", "STATE_NAME": "Colorado", "LSAD": "06", "ALAND": 3334423895, "AWATER": 9235012 }, "geometry": { "type": "MultiPolygon", "coordinates": [ [ [ [ -106.678373, 37.403596 ], [ -106.48797, 37.401585 ], [ -106.487968, 37.39935 ], [ -106.148866, 37.4011 ], [ -106.039331, 37.400852 ], [ -106.038912, 37.356953 ], [ -105.760691, 37.356757 ], [ -105.743339, 37.356798 ], [ -105.749846, 37.350878 ], [ -105.738409, 37.30676 ], [ -105.729165, 37.304871 ], [ -105.720308, 37.285614 ], [ -105.746099, 37.247774 ], [ -105.745765, 37.218131 ], [ -105.729818, 37.180676 ], [ -105.738035, 37.165484 ], [ -105.731404, 37.156249 ], [ -105.748834, 37.135001 ], [ -105.749162, 37.112172 ], [ -105.740837, 37.103297 ], [ -105.770171, 37.061166 ], [ -105.771391, 37.045725 ], [ -105.75195, 37.027943 ], [ -105.746517, 37.014768 ], [ -105.728471, 37.014982 ], [ -105.718469674138007, 36.995845920037503 ], [ -105.996159, 36.995418 ], [ -105.997472, 36.995417 ], [ -106.006316634542998, 36.995345563309698 ], [ -106.006634, 36.995343 ], [ -106.100010801920007, 36.994757822413099 ], [ -106.201469, 36.994122 ], [ -106.247705, 36.994266 ], [ -106.248675, 36.994288 ], [ -106.293279, 36.99389 ], [ -106.343139, 36.99423 ], [ -106.412053832702, 36.994027785629001 ], [ -106.476275022520994, 36.993839343649398 ], [ -106.489062, 37.01508 ], [ -106.589178, 37.140188 ], [ -106.597384, 37.194974 ], [ -106.678354, 37.228566 ], [ -106.678373, 37.403596 ] ] ] ] } },
{ "type": "Feature", "properties": { "STATEFP": "08", "COUNTYFP": "007", "COUNTYNS": "00198119", "AFFGEOID": "0500000US08007", "GEOID": "08007", "NAME": "Archuleta", "NAMELSAD": "Archuleta County", "STUSPS": "CO", "STATE_NAME": "Colorado", "LSAD": "06", "ALAND": 3496712165, "AWATER": 13740247 }, "geometry": { "type": "MultiPolygon", "coordinates": [ [ [ [ -107.482131, 37.422673 ], [ -107.192145, 37.422953 ], [ -107.12868, 37.422942 ], [ -107.128737, 37.392409 ], [ -106.710767, 37.396238 ], [ -106.710775, 37.404228 ], [ -106.678373, 37.403596 ], [ -106.678354, 37.228566 ], [ -106.597384, 37.194974 ], [ -106.589178, 37.140188 ], [ -106.489062, 37.01508 ], [ -106.476275022520994, 36.993839343649398 ], [ -106.500589, 36.993768 ], [ -106.617159, 36.992967 ], [ -106.617125, 36.993004 ], [ -106.628652, 36.993175 ], [ -106.628733, 36.993161 ], [ -106.661344, 36.993243 ], [ -106.675626, 36.993123 ], [ -106.750591, 36.992461 ], [ -106.781877981448005, 36.992451813771602 ], [ -106.869796, 36.992426 ], [ -106.877292, 37.000139 ], [ -106.963597454587998, 37.000117726114503 ], [ -106.985514007228005, 37.000112323788102 ], [ -107.420913, 37.000005 ], [ -107.481736999155004, 37.000004580314297 ], [ -107.48206, 37.214837 ], [ -107.482131, 37.422673 ] ] ] ] } },
{ "type": "Feature", "properties": { "STATEFP": "08", "COUNTYFP": "051", "COUNTYNS": "00198141", "AFFGEOID": "0500000US08051", "GEOID": "08051", "NAME": "Gunnison", "NAMELSAD": "Gunnison County", "STUSPS": "CO", "STATE_NAME": "Colorado", "LSAD": "06", "ALAND": 8389334152, "AWATER": 53070998 }, "geometry": { "type": "MultiPolygon", "coordinates": [ [ [ [ -107.63504, 38.301896 ], [ -107.50002, 38.301926 ], [ -107.500614, 38.445584 ], [ -107.500655, 38.668553 ], [ -107.500611, 38.799206 ], [ -107.500606, 39.217916 ], [ -107.484393, 39.235217 ], [ -107.451075, 39.230673 ], [ -107.430261, 39.240541 ], [ -107.428073, 39.257596 ], [ -107.394486, 39.256299 ], [ -107.371385, 39.238924 ], [ -107.379315, 39.231091 ], [ -107.375608, 39.197931 ], [ -107.353657, 39.173324 ], [ -107.318741, 39.165313 ], [ -107.295687, 39.15365 ], [ -107.28249, 39.118718 ], [ -107.06632, 39.118805 ], [ -107.03633, 39.094928 ], [ -107.019565, 39.08937 ], [ -107.00555, 39.076249 ], [ -106.986821, 39.067162 ], [ -106.996145, 39.034175 ], [ -106.967337, 39.030853 ], [ -106.964695, 39.017545 ], [ -106.915372, 38.999504 ], [ -106.906422, 38.992091 ], [ -106.882053, 38.992429 ], [ -106.87649, 39.00694 ], [ -106.861687, 39.009439 ], [ -106.846898, 38.987007 ], [ -106.827248, 38.97772 ], [ -106.799689, 38.97965 ], [ -106.751343, 39.025794 ], [ -106.749357, 39.042528 ], [ -106.710315, 39.047573 ], [ -106.703045, 39.055917 ], [ -106.685314, 39.045383 ], [ -106.655492, 39.04442 ], [ -106.638334, 39.019223 ], [ -106.6116, 38.995434 ], [ -106.599214, 38.997994 ], [ -106.577161, 38.990444 ], [ -106.554211, 38.998711 ], [ -106.528389, 38.980727 ], [ -106.528511, 38.959883 ], [ -106.505313, 38.9444 ], [ -106.504371, 38.936849 ], [ -106.465032, 38.910354 ], [ -106.437175, 38.914906 ], [ -106.421831, 38.928068 ], [ -106.402124, 38.910617 ], [ -106.380836, 38.925685 ], [ -106.376222, 38.909539 ], [ -106.357073, 38.912945 ], [ -106.345241, 38.907067 ], [ -106.326099, 38.911004 ], [ -106.320863, 38.89586 ], [ -106.327505, 38.882297 ], [ -106.3643, 38.853419 ], [ -106.383632, 38.824705 ], [ -106.406987, 38.829334 ], [ -106.422711, 38.807633 ], [ -106.415055, 38.799636 ], [ -106.419259, 38.766 ], [ -106.417431, 38.725675 ], [ -106.425275, 38.710307 ], [ -106.443493, 38.709231 ], [ -106.451867, 38.698343 ], [ -106.440176, 38.68687 ], [ -106.429545, 38.651235 ], [ -106.417223, 38.644919 ], [ -106.379899, 38.638483 ], [ -106.385368, 38.624995 ], [ -106.365251, 38.615899 ], [ -106.361024, 38.594487 ], [ -106.344619, 38.568564 ], [ -106.354185, 38.533384 ], [ -106.342597, 38.521537 ], [ -106.348108, 38.512499 ], [ -106.338207, 38.498207 ], [ -106.311756, 38.494961 ], [ -106.288532, 38.461373 ], [ -106.272655, 38.455196 ], [ -106.266071, 38.441735 ], [ -106.245363, 38.439171 ], [ -106.24694, 38.422768 ], [ -106.871146, 38.425263 ], [ -107.000601, 38.425619 ], [ -107.000602, 38.384114 ], [ -107.001119, 38.147072 ], [ -107.56862, 38.147267 ], [ -107.56219, 38.158204 ], [ -107.580978, 38.212685 ], [ -107.588821, 38.249588 ], [ -107.61157, 38.260827 ], [ -107.63504, 38.301896 ] ] ] ] } },
{ "type": "Feature", "properties": { "STATEFP": "08", "COUNTYFP": "055", "COUNTYNS": "00198143", "AFFGEOID": "0500000US08055", "GEOID": "08055", "NAME": "Huerfano", "NAMELSAD": "Huerfano County", "STUSPS": "CO", "STATE_NAME": "Colorado", "LSAD": "06", "ALAND": 4120756290, "AWATER": 5792101 }, "geometry": { "type": "MultiPolygon", "coordinates": [ [ [ [ -105.486976, 37.653483 ], [ -105.477351, 37.665747 ], [ -105.477302, 37.707686 ], [ -105.454245, 37.723951 ], [ -105.457255, 37.751464 ], [ -105.449454, 37.778127 ], [ -105.454912, 37.795696 ], [ -105.435179, 37.804767 ], [ -105.428893, 37.851733 ], [ -105.450537, 37.878112 ], [ -105.478495, 37.87985 ], [ -105.473204, 37.89597 ], [ -105.440272, 37.897461 ], [ -105.413635, 37.890527 ], [ -105.377088, 37.916102 ], [ -105.347209, 37.924759 ], [ -105.317081, 37.938949 ], [ -105.306574, 37.932292 ], [ -105.297431, 37.909349 ], [ -105.283224, 37.899993 ], [ -105.261842, 37.925637 ], [ -105.23856, 37.96284 ], [ -105.215366, 37.97052 ], [ -105.213153, 37.981031 ], [ -105.197073, 37.992416 ], [ -105.194586, 38.00756 ], [ -105.168652, 38.018946 ], [ -105.147948, 38.005392 ], [ -105.152491, 37.992113 ], [ -105.139501, 37.984607 ], [ -105.125975, 37.95117 ], [ -105.108507, 37.943399 ], [ -105.084383, 37.955384 ], [ -105.066056, 37.944209 ], [ -105.0632, 37.916976 ], [ -105.049917, 37.915479 ], [ -105.031573, 37.904147 ], [ -105.034803, 37.894583 ], [ -105.013729, 37.881271 ], [ -104.646383, 37.900527 ], [ -104.572023, 37.87968 ], [ -104.351109, 37.817488 ], [ -104.375527, 37.798588 ], [ -104.456723, 37.74788 ], [ -104.45493, 37.740839 ], [ -104.548417, 37.609424 ], [ -104.548652, 37.5747 ], [ -104.620338, 37.530053 ], [ -104.627653, 37.510902 ], [ -104.649229, 37.49532 ], [ -104.669922, 37.494975 ], [ -104.670427, 37.495015 ], [ -104.689702, 37.494419 ], [ -104.699931, 37.469838 ], [ -104.695075, 37.439915 ], [ -104.711355, 37.437477 ], [ -104.748938, 37.407029 ], [ -104.803718, 37.402935 ], [ -104.826668, 37.395651 ], [ -104.838287, 37.398675 ], [ -104.88426, 37.385817 ], [ -104.911149, 37.393937 ], [ -104.946736, 37.391446 ], [ -104.971228, 37.376243 ], [ -104.995505, 37.375551 ], [ -105.012859, 37.35839 ], [ -105.023523, 37.356932 ], [ -105.028372, 37.339511 ], [ -105.036415, 37.341657 ], [ -105.09216, 37.315352 ], [ -105.115425, 37.296294 ], [ -105.154176, 37.293129 ], [ -105.164559, 37.289117 ], [ -105.163096, 37.328909 ], [ -105.168906, 37.361514 ], [ -105.166418, 37.38877 ], [ -105.155169, 37.399636 ], [ -105.138567, 37.400691 ], [ -105.130585, 37.411655 ], [ -105.140526, 37.418129 ], [ -105.156185, 37.45709 ], [ -105.17537, 37.456288 ], [ -105.176683, 37.475594 ], [ -105.17132, 37.513246 ], [ -105.184017, 37.555841 ], [ -105.218433, 37.583496 ], [ -105.20377, 37.594449 ], [ -105.193237, 37.592168 ], [ -105.189993, 37.614103 ], [ -105.214232, 37.626324 ], [ -105.235978, 37.620773 ], [ -105.297623, 37.658143 ], [ -105.34856, 37.637758 ], [ -105.370305, 37.639396 ], [ -105.400312, 37.613415 ], [ -105.4084, 37.618 ], [ -105.442279, 37.611851 ], [ -105.454492, 37.590483 ], [ -105.485516, 37.577899 ], [ -105.501755, 37.597571 ], [ -105.486976, 37.653483 ] ] ] ] } },
{ "type": "Feature", "properties": { "STATEFP": "08", "COUNTYFP": "089", "COUNTYNS": "00198160", "AFFGEOID": "0500000US08089", "GEOID": "08089", "NAME": "Otero", "NAMELSAD": "Otero County", "STUSPS": "CO", "STATE_NAME": "Colorado", "LSAD": "06", "ALAND": 3268424301, "AWATER": 20092555 }, "geometry": { "type": "MultiPolygon", "coordinates": [ [ [ [ -104.059374, 37.875009 ], [ -104.059077, 38.093608 ], [ -104.058242, 38.146492 ], [ -104.022159, 38.140951 ], [ -103.993246, 38.146353 ], [ -103.974378, 38.132119 ], [ -103.948232, 38.128158 ], [ -103.91098, 38.126563 ], [ -103.906194, 38.13486 ], [ -103.900662, 38.125409 ], [ -103.861981, 38.127134 ], [ -103.835616, 38.11334 ], [ -103.803033, 38.112533 ], [ -103.74764, 38.113077 ], [ -103.673731, 38.112906 ], [ -103.619172, 38.113355 ], [ -103.619283, 38.171455 ], [ -103.509364, 38.172514 ], [ -103.501764, 38.265016 ], [ -103.399938, 38.265435 ], [ -103.398619, 38.041433 ], [ -103.403682, 37.822792 ], [ -103.404339, 37.643576 ], [ -104.058196, 37.644049 ], [ -104.059188, 37.726203 ], [ -104.061132, 37.734704 ], [ -104.059374, 37.875009 ] ] ] ] } },
{ "type": "Feature", "properties": { "STATEFP": "08", "COUNTYFP": "097", "COUNTYNS": "00198164", "AFFGEOID": "0500000US08097", "GEOID": "08097", "NAME": "Pitkin", "NAMELSAD": "Pitkin County", "STUSPS": "CO", "STATE_NAME": "Colorado", "LSAD": "06", "ALAND": 2514104906, "AWATER": 6472577 }, "geometry": { "type": "MultiPolygon", "coordinates": [ [ [ [ -107.430514, 39.348222 ], [ -107.430949, 39.366178 ], [ -107.426746, 39.366168 ], [ -107.347619, 39.366067 ], [ -107.113446, 39.366066 ], [ -107.058699, 39.366241 ], [ -106.973403, 39.365643 ], [ -106.509214, 39.362298 ], [ -106.489362, 39.361815 ], [ -106.426487, 39.361871 ], [ -106.434931, 39.341099 ], [ -106.432085, 39.316698 ], [ -106.472878, 39.308423 ], [ -106.485121, 39.312566 ], [ -106.50238, 39.298567 ], [ -106.504031, 39.284761 ], [ -106.483292, 39.272669 ], [ -106.483127, 39.255103 ], [ -106.497649, 39.242022 ], [ -106.489749, 39.227718 ], [ -106.493649, 39.198326 ], [ -106.508614, 39.166681 ], [ -106.520942, 39.157353 ], [ -106.535138, 39.163146 ], [ -106.561265, 39.155677 ], [ -106.564574, 39.132422 ], [ -106.558171, 39.120223 ], [ -106.563989, 39.106041 ], [ -106.580311, 39.102164 ], [ -106.586338, 39.087743 ], [ -106.577966, 39.057908 ], [ -106.597233, 39.044821 ], [ -106.591692, 39.024923 ], [ -106.599214, 38.997994 ], [ -106.6116, 38.995434 ], [ -106.638334, 39.019223 ], [ -106.655492, 39.04442 ], [ -106.685314, 39.045383 ], [ -106.703045, 39.055917 ], [ -106.710315, 39.047573 ], [ -106.749357, 39.042528 ], [ -106.751343, 39.025794 ], [ -106.799689, 38.97965 ], [ -106.827248, 38.97772 ], [ -106.846898, 38.987007 ], [ -106.861687, 39.009439 ], [ -106.87649, 39.00694 ], [ -106.882053, 38.992429 ], [ -106.906422, 38.992091 ], [ -106.915372, 38.999504 ], [ -106.964695, 39.017545 ], [ -106.967337, 39.030853 ], [ -106.996145, 39.034175 ], [ -106.986821, 39.067162 ], [ -107.00555, 39.076249 ], [ -107.019565, 39.08937 ], [ -107.03633, 39.094928 ], [ -107.06632, 39.118805 ], [ -107.28249, 39.118718 ], [ -107.295687, 39.15365 ], [ -107.318741, 39.165313 ], [ -107.353657, 39.173324 ], [ -107.375608, 39.197931 ], [ -107.379315, 39.231091 ], [ -107.371385, 39.238924 ], [ -107.394486, 39.256299 ], [ -107.379175, 39.269101 ], [ -107.398513, 39.29511 ], [ -107.412606, 39.291877 ], [ -107.465187, 39.314515 ], [ -107.430514, 39.348222 ] ] ] ] } },
{ "type": "Feature", "properties": { "STATEFP": "08", "COUNTYFP": "067", "COUNTYNS": "00198148", "AFFGEOID": "0500000US08067", "GEOID": "08067", "NAME": "La Plata", "NAMELSAD": "La Plata County", "STUSPS": "CO", "STATE_NAME": "Colorado", "LSAD": "06", "ALAND": 4376255278, "AWATER": 25642579 }, "geometry": { "type": "MultiPolygon", "coordinates": [ [ [ [ -108.3718, 37.029105 ], [ -108.355559, 37.025555 ], [ -108.354541, 37.038356 ], [ -108.334792, 37.05422 ], [ -108.321065, 37.0971 ], [ -108.310591, 37.104622 ], [ -108.31048, 37.128462 ], [ -108.29015, 37.146959 ], [ -108.297415, 37.17116 ], [ -108.295164, 37.215009 ], [ -108.270787, 37.229207 ], [ -108.247312, 37.24989 ], [ -108.225691, 37.286273 ], [ -108.207921, 37.333072 ], [ -108.197776, 37.354939 ], [ -108.173032, 37.366388 ], [ -108.152473, 37.362589 ], [ -108.139821, 37.373038 ], [ -108.105857, 37.382068 ], [ -108.105336, 37.405573 ], [ -108.078042, 37.438881 ], [ -108.053028, 37.437521 ], [ -108.03881, 37.456526 ], [ -108.033146, 37.46494 ], [ -108.037932, 37.503189 ], [ -108.03147, 37.509059 ], [ -108.034897, 37.532044 ], [ -108.025437, 37.539719 ], [ -108.018279, 37.567141 ], [ -108.023006, 37.590999 ], [ -107.987221, 37.625004 ], [ -107.972087, 37.629816 ], [ -107.970086, 37.639587 ], [ -107.926131, 37.639784 ], [ -107.80612, 37.640147 ], [ -107.591984, 37.639629 ], [ -107.482179, 37.639501 ], [ -107.482131, 37.422673 ], [ -107.48206, 37.214837 ], [ -107.481736999155004, 37.000004580314297 ], [ -107.712404494354004, 37.000002988708196 ], [ -107.780576407328994, 37.000002518321899 ], [ -108.000623, 37.000001 ], [ -108.047368367462994, 36.999815698645897 ], [ -108.249358, 36.999015 ], [ -108.250635, 36.999561 ], [ -108.288086, 36.999555 ], [ -108.2884, 36.99952 ], [ -108.320464, 36.999499 ], [ -108.320721, 36.99951 ], [ -108.379302869797996, 36.999458857844303 ], [ -108.3718, 37.029105 ] ] ] ] } }
]
}
